filename,ans
BEC2017-9189449_r1s5mHxpx.JPG,1
HODDE2013PIC30468049.JPG,0
AS2013PIC68471111.JPG,0
JM2016-9165541_r1HMvecQ.JPG,0
DP2016-9181037_rklmIHiEge.JPG,1
PEL2017-9219500_r1BGeTisW.JPG,1
AOJ2016-9181666_HkbZAzFll.JPG,1
JCS2013PIC20375320.JPG,1
EAT2013PIC79981320.JPG,1
TBE2017-9215485_Bk8XgsMjZ.JPG,2
JAH2010PIC42001607.JPG,0
PTP2016-9171259_S1Z7f7Q0c.JPG,1
TRL2016-9181244_rJC4FSUge.JPG,0
OMA2015PIC84110441.JPG,2
TL2016-9166748_H14a1TUI.JPG,0
PEL2012PIC82147420.JPG,0
FS2016-9179735_HylkATu9Jl.JPG,1
PEL2009PIC32113739.JPG,0
JVM2011PIC66910608.JPG,2
ML2010PIC44119983.JPG,0
MAV2012PIC52232028.JPG,2
TAK2012PIC60845171.JPG,2
PTP2016-9178506_rkMENlDbke.JPG,0
JHC2017-9202052_BykJnvuwW.JPG,0
OMA2017-9190198_SJ8ZawyRe.JPG,1
WE2012PIC48832166.JPG,2
EAT2010PIC64975873.JPG,2
KN2014PIC73934678.JPG,2
SVEND2010PIC42640081.JPG,1
DB2012PIC60026171.JPG,1
TAN2017-9209380_Hy5p3Dg5W.JPG,1
JM2017-9193262_BJxH9SxmZ-.JPG,0
JM2013PIC34741338.JPG,1
UFN2017-9196105_B1lhVAXh7Z.JPG,0
FDE2009PIC73561108.JPG,1
JMI2017-9214237_H1EvtWloZ.JPG,1
KNI2017-9215278_Skgk2X2ZsW.JPG,0
DB2013PIC66636291.JPG,0
APE2017-9185445_S1B44qqSl.JPG,1
FS2013PIC43942868.JPG,0
DB2015PIC31579801.JPG,1
FDE2013PIC38221553.JPG,1
KRHA2017-9216805_BylTxFSj-.JPG,1
HHB2011PIC50642460.JPG,2
APE2016-9182676_Hkl4IO92Ze.JPG,0
PEL2012PIC43576737.JPG,0
MSO2015PIC35690558.JPG,1
MMN2013PIC33553737.JPG,1
TOB2015PIC78390724.JPG,1
BWP2017-9201419_BJgf_7lBPb.JPG,0
PTP2017-9212574_rkeD6NUn5-.JPG,2
JAJ2017-9185701_S1qi9sM8l.JPG,0
BWP2012PIC37169365.JPG,1
TAK2014PIC69129761.JPG,1
APE2017-9202340_BkbgurU9Db.JPG,0
JAH2011PIC11726144.JPG,1
GLJ2013PIC34900945.JPG,1
AOJ2016-9180143_rJJnLy6ke.JPG,0
UFN2017-9192965_BJoLJ9olW.JPG,0
MIH2001-9191777_ryb7L7cEk-.JPG,0
AJD2017-9213030_ryGHd8Ea9W.JPG,1
TAK2013PIC13749848.JPG,0
HAHO2017-9193705_B1lNxjxnZb.JPG,1
FDE2011PIC21972415.JPG,1
HD2017-9206278_SkxkI0WJYW.JPG,0
LWI2012PIC74310069.JPG,0
PEL2011PIC79856678.JPG,0
APE2017-9203747_H1pofWX_W.JPG,1
DP2016-9176630_BJ5G_396.JPG,0
DI2017-9201588_HJbWXZIDZ.JPG,0
UFN2017-9187039_SkV2MyStx.JPG,1
TKH2017-9204072_H1sKCtN_Z.JPG,2
TOB2015PIC38290474.JPG,2
OBL2009PIC38004606.JPG,2
BWP2012PIC65737437.JPG,0
JAJ2017-9201374_rkbJuGREvb.JPG,0
JMI2017-9208759_r1eG9uH3YW.JPG,0
AE2009PIC70797984.JPG,1
TRL2017-9224501_HyF3Txd3W.JPG,1
TKH2012PIC22616636.JPG,0
BL2017-9222772_rybKeTznW.JPG,1
TRL2015PIC78794883.JPG,0
TLP2017-9217501_r1lNZHJDjW.JPG,0
MSO2013PIC30494949.JPG,0
LDJ2011PIC46423737.JPG,1
LB2013PIC78866947.JPG,2
SKA2016PIC32477036.JPG,1
JAJ2017-9188657_rJ733blnl.JPG,1
JO2011PIC65936720.JPG,0
GSC2011PIC23167252.JPG,0
AS2017-9220205_rk_Fyu6o-.JPG,0
TAK2017-9200988_rkryBXXPZ.JPG,0
LB2016-9174133_Hy4pgtC3.JPG,0
BWP2011PIC62662269.JPG,0
PEL2013PIC60852360.JPG,1
MC2017-9190209_BJ3lJ-g0e.JPG,0
MSO2012PIC73472919.JPG,0
APE2017-9208161_HkZbCQw_YZ.JPG,1
LB2012PIC39539814.JPG,1
RSS2017-9188088_SygI6HQ1sx.JPG,0
JAH2013PIC30536999.JPG,1
KRHA2017-9225092_HkGU5BtnZ.JPG,1
JAH2012PIC31597097.JPG,2
MS2011PIC48249354.JPG,2
JM2011PIC61511646.JPG,0
TS2015PIC80100439.JPG,1
LDJ2011PIC36332789.JPG,2
MMN2014PIC41949164.JPG,1
PTP2017-9208964_HylfCoi6t-.JPG,1
PEL2011PIC24299039.JPG,1
TAK2014PIC59502847.JPG,2
TKH2014PIC12558731.JPG,1
ALP2011PIC41955230.JPG,0
PTP2015PIC57205179.JPG,0
JM2010PIC72186650.JPG,1
OMA2017-9209125_BkYvYRAtb.JPG,1
DB2013PIC36842614.JPG,1
FDE2016PIC59101147.JPG,1
TAK2012PIC72845888.JPG,0
KNK2014PIC64547372.JPG,1
FRV2016-9179205_B17Bot8yx.JPG,1
EAT2016-9169581_rkle9UXZt.JPG,1
TKH2013PIC34699801.JPG,1
TS2011PIC82639222.JPG,1
SL2011PIC37738891.JPG,1
JUDS2017-9205097_r1gepdtOOZ.JPG,2
TS2017-9190501_Bycxhm8Al.JPG,0
APE2017-9185559_BJdYKqCSe.JPG,1
KNK2014PIC60571239.JPG,0
TS2016-9168162_Bkg3g9ov.JPG,1
SL2011PIC38715394.JPG,1
TKH2012PIC19709347.JPG,0
PO2009PIC13664716.JPG,0
MIH2008-9187917_H1OWqHoql.JPG,0
BWP2017-9200373_rJeVpS8AIZ.JPG,1
HM2011PIC73057030.JPG,1
SKA2017-9192242_HkygZPlg-.JPG,1
GSC2013PIC87937751.JPG,2
EAT2012PIC43212826.JPG,0
EAT2016-9166117_BJstZ3IS.JPG,1
LWL2015PIC27799358.JPG,0
APE2016-9184060_rkine8dQg.JPG,1
GSC2012PIC17864668.JPG,2
TS2016-9173131_BJeeUcf2.JPG,2
LB2017-9199961_HyUKXisLZ.JPG,1
GSC2013PIC38181675.JPG,1
EAT2017-9185242_rkjHnyOBe.JPG,2
BWP2017-9217365_S1edMk0Uib.JPG,0
JM2010PIC74606770.JPG,1
FS2012PIC48916677.JPG,1
BEC2017-9210022_r1lGLaxmcb.JPG,2
FDE2009PIC83019217.JPG,0
PTP2017-9209677_rJfNezpbqZ.JPG,1
TOB2016-9171262_rk6Ow8A9.JPG,0
NSE2016-9173986_S1xPjvXh2.JPG,0
MKH2017-9209208_By7Yv7kcZ.JPG,1
JC2017-9193901_BkHuCZlGZ.JPG,1
BWP2011PIC40921965.JPG,1
ANJE2014-9191039_HJlX7VyaCx.JPG,0
TS2013PIC82979590.JPG,0
TS2015PIC51947469.JPG,2
OMA2017-9208809_B1eOhY_ntb.JPG,2
MMN2009PIC45678226.JPG,2
ALP2010PIC62217736.JPG,1
BWP2013PIC19296388.JPG,1
GSC2013PIC11950895.JPG,1
MSO2017-9217656_SypCoWPsZ.JPG,1
MKH2017-9222093_ryk2VTg3W.JPG,1
JAJ2016-9172299_HJg-AKh_j.JPG,1
TAK2015PIC37283669.JPG,0
KMA2017-9205442_rkZK9EzoOW.JPG,0
OSP2017-9227209_HJebVnlpW.JPG,0
LB2011PIC10259831.JPG,1
TAK2014PIC25764529.JPG,0
EAT2014PIC47092974.JPG,2
EAT2009PIC73478671.JPG,2
KRHA2017-9225934_HyWQy3shW.JPG,1
BWP2009PIC84025433.JPG,0
TKH2012PIC23978628.JPG,1
DB2013PIC42809090.JPG,0
MFC2016-9176663_SJlBlzyha.JPG,2
TKH2012PIC45908509.JPG,2
ML2016-9184551_rk02DrSVg.JPG,1
BL2014PIC41273493.JPG,1
TAK2015PIC81178991.JPG,1
RRH2015PIC49940896.JPG,0
TS2012PIC89639495.JPG,1
TOB2015PIC77970824.JPG,0
KMA2017-9216045_SklsQ0Qi-.JPG,1
MAV2010PIC72519851.JPG,2
MC2017-9190822_B11U5DcCl.JPG,1
BTO2017-9216312_BkuabN4ob.JPG,0
TBE2017-9215125_H1WEMTKbjb.JPG,0
KNI2010PIC73088394.JPG,0
TS2014PIC56263665.JPG,1
JAH2009PIC28230928.JPG,1
PTP2017-9227132_SkIvKYg6W.JPG,0
JAH2011PIC48182214.JPG,1
MAV2011PIC63534458.JPG,1
APE2016-9181567_HJeembjOgx.JPG,1
LB2017-9199971_r1LdnoiIW.JPG,2
DI2017-9209775_r17YPA-qZ.JPG,1
BWP2014PIC53761154.JPG,1
MSO2012PIC50555035.JPG,1
MMN2011PIC75891107.JPG,0
BT2015PIC85945627.JPG,1
LB2013PIC13057734.JPG,2
APE2017-9219872_SyWjXMG6sZ.JPG,2
MMN2010PIC19283957.JPG,0
TAK2017-9194217_HyFAC5IMb.JPG,2
TAK2013PIC36051577.JPG,1
MC2017-9216120_B1rV9k4oW.JPG,1
BEC2017-9196612_BJe47rcSEb.JPG,2
TAK2014PIC78446597.JPG,1
BWP2013PIC74590477.JPG,1
MFC2016-9171799_HJ_g7bms.JPG,1
SKA2016-9183538_rkkuY4hMl.JPG,0
UGN2012PIC19048392.JPG,2
JC2017-9186602_S1eLzIAwl.JPG,0
WE2013PIC67248618.JPG,0
DB2015PIC20409417.JPG,2
DI2017-9190618_S188pavAe.JPG,1
TIL2017-9205854_B1o42vlFb.JPG,0
PL2011PIC86376988.JPG,2
MKH2017-9209208_SyEJDQkqZ.JPG,0
ANB2016-9178737_H1A2LtQyg.JPG,1
HD2017-9209309_B1E_Fd7l9-.JPG,2
HM2012PIC31782923.JPG,0
EAT2017-9190337_HJSny2MCe.JPG,1
JM2012PIC80804115.JPG,1
OSP2013PIC30844590.JPG,2
BWP2017-9187732_r15Q48w5e.JPG,1
TKH2014PIC40782796.JPG,0
MMN2012PIC88769788.JPG,1
FDE2016-9167149_Hk5kzbeD.JPG,1
APE2017-9212057_ByxOgmTq5W.JPG,1
TL2015PIC56753878.JPG,1
MMN2012PIC27410304.JPG,0
TSJ2016-9177680_r1zqRRL0.JPG,1
APE2017-9214317_BypANQgob.JPG,2
FS2012PIC23211431.JPG,1
TIL2016-9177616_SyZ9IwHA.JPG,0
EAT2013PIC81448682.JPG,1
SKA2016-9166194_S1AM-1OH.JPG,1
MAV2013PIC47758457.JPG,2
MKH2017-9217254_HydFxTLs-.JPG,1
TOB2015PIC29148393.JPG,0
JAJ2017-9201359_Sy9qw64D-.JPG,0
TAK2012PIC85001139.JPG,0
TL2015PIC57945371.JPG,1
MKH2017-9210878_rke73ar9-.JPG,0
PTP2017-9209264_SklmcFoJ5W.JPG,1
MS2017-9214958_H1mPVP-sZ.JPG,0
TAK2017-9195783_r1xnHzYXW.JPG,1
RE2009PIC61971495.JPG,1
MAKE2017-9219291_By-sp79co-.JPG,1
KNK2013PIC27426205.JPG,1
OT2012PIC53813920.JPG,0
CSF2017-9214453_HJolQSeo-.JPG,0
DI2015PIC70790830.JPG,0
SL2011PIC65352154.JPG,0
TAK2013PIC41079456.JPG,1
TRL2017-9205089_rJWk0YvddW.JPG,0
TAK2013PIC25178565.JPG,2
JAH2009PIC17233716.JPG,1
PTP2016-9166673_r15TQqrU.JPG,1
BWP2009PIC54044583.JPG,2
TS2012PIC38381868.JPG,2
MAV2010PIC12420736.JPG,1
LB2016-9183681_HJ1-N3zml.JPG,1
TS2013PIC86481057.JPG,1
JM2017-9208696_H1JjPSpY-.JPG,1
YE2017-9212650_BJeW_ylp9W.JPG,1
TKH2013PIC25448262.JPG,0
JMI2017-9191950_HkEp75PkZ.JPG,1
BL2017-9227390_SJFWiQbTW.JPG,1
FDE2017-9196796_BkjImkwE-.JPG,0
TBE2017-9215125_BJ4NzaKboZ.JPG,0
TS2017-9190501_Bybcen7LCg.JPG,1
JAJ2017-9206557_By0EKKeYb.JPG,0
TS2010PIC42266854.JPG,1
CAG2016-9177107_ryz7KGWC.JPG,1
PTP2016-9168355_r1ZfJ_iAD.JPG,0
FDE2009PIC21601937.JPG,0
TS2014PIC63943765.JPG,0
OMA2017-9209002_H1tPqa6Kb.JPG,0
MB2009PIC81369965.JPG,0
RT2013PIC78271202.JPG,0
MSO2011PIC48210087.JPG,1
JM2017-9222604_rkTeoIMn-.JPG,0
KMA2016-9169080_BkaTaIc_.JPG,0
TAN2017-9208908_Hy0YId6tW.JPG,1
MS2017-9204096_HyOjx5NOZ.JPG,1
TS2010PIC25447552.JPG,0
TAK2013PIC74049074.JPG,2
JAH2017-9190373_SkgKRysGRx.JPG,2
TRL2016-9180611_SJxbj50gxl.JPG,1
TKH2014PIC54699394.JPG,2
FS2012PIC89592769.JPG,2
TBE2017-9227098_BJXuH20J6b.JPG,1
TAK2013PIC86997133.JPG,1
SKA2016-9165909_SJkAOenV.JPG,0
MSO2013PIC17869136.JPG,2
LSA2011PIC67574259.JPG,1
DP2016-9176624_Bkv913cT.JPG,2
BEC2017-9191260_r1xSufjAAg.JPG,0
MAV2011PIC24192801.JPG,0
SOT2017-9227964_Byl3GqcMpW.JPG,0
JAH2013PIC74323789.JPG,0
TB2011PIC11178337.JPG,1
TS2014PIC44658977.JPG,0
PTP2017-9207145_BJEYlRzFW.JPG,1
EAT2009PIC39285592.JPG,1
MSO2010PIC66097592.JPG,0
KMA2017-9206038_Byx6pajT_b.JPG,1
PTP2017-9210481_HJTkk8Eqb.JPG,1
KRHA2017-9225092_H1gjUtUFhb.JPG,0
EAT2011PIC51066788.JPG,2
SVEND2011PIC88824938.JPG,0
HM2012PIC68182958.JPG,1
TOB2015PIC83348508.JPG,2
MC2017-9204213_B1yRuFSO-.JPG,1
MMN2016-9174716_BkbFlaMp.JPG,1
MRP2017-9209818_HJ4wkqfqW.JPG,1
MC2009PIC38494144.JPG,0
PTP2017-9207145_SkV_Ftdtb.JPG,0
MAKE2017-9223385_BJx1xhBr2Z.JPG,2
APE2017-9196672_SyCL19I4W.JPG,1
SL2011PIC79601794.JPG,2
MMN2011PIC29255628.JPG,2
BWP2012PIC19054978.JPG,2
MSO2012PIC38788584.JPG,0
JAH2012PIC56672948.JPG,2
TS2010PIC87846698.JPG,1
DB2013PIC33981923.JPG,0
EAT2016-9166117_rkZsF-38S.JPG,0
TB2010PIC30549452.JPG,0
FS2014PIC28567429.JPG,0
WE2017-9224452_HJvRLxOn-.JPG,1
TIL2016-9176483_r1ggucBOp.JPG,0
TAK2012PIC26632667.JPG,2
BWP2009PIC47736943.JPG,1
NVM2013PIC82452489.JPG,1
TS2010PIC72099492.JPG,0
JAH2011PIC87097030.JPG,1
JC2017-9205084_B1gfDXw_O-.JPG,0
LB2017-9214274_BJBB-fejW.JPG,2
SKA2016-9189423_SybQRL6kax.JPG,2
AS2016-9182277_rklfUOB8be.JPG,1
MC2017-9190758_HJ7l3H9Ae.JPG,1
TS2016-9168820_rkxTUt92d.JPG,1
SVEND2012PIC21803996.JPG,0
LWI2012PIC48554154.JPG,2
OMA2017-9219430_H1gEUXOioW.JPG,0
SL2013PIC76897726.JPG,0
TS2014PIC20555255.JPG,0
TKH2016-9168092_r1_PLdqw.JPG,0
NVM2011PIC27026211.JPG,0
SL2010PIC48235156.JPG,1
JAH2011PIC22423373.JPG,1
TSJ2014PIC27823521.JPG,0
BTO2017-9214311_HyjSzXliZ.JPG,1
TOB2016PIC87592810.JPG,1
TB2013PIC38562071.JPG,1
JM2013PIC28929942.JPG,0
TAK2012PIC50387373.JPG,2
BWP2013PIC32527955.JPG,1
SKA2017-9191152_S1uNT060g.JPG,0
TIL2017-9200015_HkeTLqHnI-.JPG,2
BWP2017-9217439_HyeeNqCLj-.JPG,1
OBL2013PIC58247741.JPG,1
EAT2016-9165870_rkZWrRAKE.JPG,0
MIH2001-9191788_ByxTxrRNyb.JPG,0
OT2012PIC71734096.JPG,2
MAV2011PIC36897466.JPG,0
TKH2014PIC73295246.JPG,0
APE2016-9183084_Byl5MxQQGx.JPG,0
JCS2011PIC75392201.JPG,0
TKEK2017-9217271_HkcMG6Ijb.JPG,0
PTP2015PIC84396546.JPG,0
TKH2012PIC70351407.JPG,0
OSP2013PIC59808417.JPG,1
MSO2017-9210749_Hkxn66LBqb.JPG,1
GSC2011PIC42610536.JPG,1
BEC2017-9192018_HyJrDLcyb.JPG,0
FVL2016-9181349_Hy6c3Mvlx.JPG,2
JM2017-9204522_rkiALxI_W.JPG,2
BWP2010PIC21247213.JPG,1
TAK2012PIC40212159.JPG,0
APE2017-9187676_Hy-SK2Icl.JPG,0
JM2010PIC28203632.JPG,1
JM2011PIC15511861.JPG,1
ML2010PIC44436462.JPG,1
JSP2010PIC60886434.JPG,1
TAK2013PIC27918727.JPG,1
EAT2011PIC11176024.JPG,1
BTO2010PIC51099770.JPG,0
JM2017-9215673_BJSd36Gib.JPG,1
PEL2012PIC87596728.JPG,0
LSA2011PIC88018036.JPG,0
MSO2010PIC10375412.JPG,1
TS2011PIC41875291.JPG,1
HM2012PIC50127843.JPG,1
FS2011PIC13956283.JPG,0
BWP2010PIC15416727.JPG,1
ML2012PIC35763205.JPG,2
MDE2016-9169520_r1r5VFkF.JPG,0
TKH2014PIC65089815.JPG,1
TKH2012PIC10151831.JPG,1
TS2016-9173131_ryzdGHHn.JPG,1
PEL2011PIC41471516.JPG,0
KMA2017-9213958_HyIYjhJiZ.JPG,1
FDE2017-9210361_Hk9_VWEcb.JPG,1
MSO2015PIC13779900.JPG,0
PE2017-9221111_HkeuMetk2-.JPG,1
FS2009PIC39811915.JPG,1
KAA2014PIC37945700.JPG,0
JAH2012PIC30703296.JPG,0
DB2015PIC82019811.JPG,1
BL2017-9206578_r1Pco9eKb.JPG,1
EAT2016-9178656_SJf3T8m1e.JPG,0
DP2016-9181034_BylZuR9Neg.JPG,0
JAJ2017-9209946_Syv4LyXqb.JPG,0
LDJ2015PIC16736757.JPG,1
GSC2013PIC67437589.JPG,1
TKH2012PIC12129210.JPG,1
RRH2016-9172587_rJlOH7Inj.JPG,1
BWP2015PIC45780463.JPG,1
AS2012PIC80719012.JPG,1
ML2010PIC31720626.JPG,1
FVL2016-9173520_ByHrM4Dh.JPG,1
SVEND2010PIC66410691.JPG,0
BTK2016-9178223_H1UMoV00.JPG,1
TRL2017-9200978_BJWvjmMQwb.JPG,1
TS2011PIC56270223.JPG,2
BEC2017-9192020_Sy9-qL5JW.JPG,2
MMN2010PIC83399421.JPG,1
TKH2013PIC18989876.JPG,1
TAK2016-9178338_BJgSTcOykx.JPG,0
MAV2013PIC12218098.JPG,1
NVM2011PIC25677246.JPG,0
MAV2011PIC22990086.JPG,0
BL2015PIC63296763.JPG,0
OBL2017-9206867_rJ-yMKPZYb.JPG,1
TOB2015PIC40718551.JPG,1
TKH2013PIC38677278.JPG,2
LSA2015PIC51441166.JPG,0
BT2013PIC25778227.JPG,1
TL2015PIC37645622.JPG,2
SL2011PIC38107414.JPG,2
TIL2017-9190242_ryJ0_pe0l.JPG,2
TKH2014PIC43575902.JPG,1
TOB2015PIC34860175.JPG,1
PTP2017-9212102_S1yMkyscW.JPG,2
LB2014PIC72079064.JPG,1
TOB2016-9167578_r1RCpV4v.JPG,1
TKH2012PIC83742895.JPG,1
LB2012PIC86381554.JPG,0
APE2017-9216528_SkMok94BsW.JPG,0
TOB2016-9166236_BJjAG9ur.JPG,0
TS2012PIC48956799.JPG,1
TBE2017-9217658_BJ7T_BGwiZ.JPG,1
KIRSP2013PIC67888668.JPG,0
TAK2013PIC51205462.JPG,0
AS2014PIC64683807.JPG,0
TKH2011PIC23378525.JPG,2
JM2009PIC19489078.JPG,1
MIH2017-9226036_SJxCS7l32-.JPG,1
HM2009PIC43019590.JPG,2
MC2009PIC51486875.JPG,0
PETRA2016PIC29309179.JPG,1
MC2017-9228316_SkEs-AV6-.JPG,2
FDE2011PIC69792734.JPG,2
SVEND2011PIC22865348.JPG,1
JAH2011PIC33464847.JPG,2
ML2011PIC32877041.JPG,2
TAK2014PIC19572542.JPG,0
TOB2016-9169086_SkoDMqcu.JPG,1
TAK2014PIC68860738.JPG,1
TKH2013PIC25526470.JPG,0
TKH2014PIC14574536.JPG,0
SKA2017-9219458_rJpusqos-.JPG,1
TB2013PIC88452881.JPG,0
TAK2013PIC36622643.JPG,2
TKH2017-9204163_rkIhp3EuZ.JPG,0
BTO2017-9201181_Sk6qbINwZ.JPG,1
MAV2011PIC37968806.JPG,1
FS2012PIC50954923.JPG,0
SKA2016PIC40080116.JPG,2
FDE2013PIC15842943.JPG,1
OMA2015PIC19796467.JPG,1
APE2017-9185182_BJg_K2cLSl.JPG,0
APE2016-9183251_HklR2iAHMe.JPG,2
TB2014PIC25857679.JPG,0
JM2012PIC65479978.JPG,1
BWP2013PIC40327460.JPG,1
SL2012PIC18753291.JPG,1
MC2017-9216132_rJMpoJVsZ.JPG,1
MACH2017-9214367_SyVtx4liW.JPG,1
TKH2012PIC50052349.JPG,1
AE2012PIC38422456.JPG,0
MC2017-9191192_SJ3aiDCAl.JPG,0
ANB2016-9180270_rJvQz-0yl.JPG,1
TAK2017-9196627_B1x1mXSI4W.JPG,1
BWP2011PIC11382528.JPG,1
APE2017-9215544_SJePHMnGsW.JPG,0
APE2017-9215967_Syledp7ob.JPG,1
PEL2009PIC88636594.JPG,1
BTO2017-9219676_SkfHzfnsb.JPG,2
FDE2016-9166550_SJmd70AI.JPG,0
ALP2011PIC21644261.JPG,1
AS2011PIC17728065.JPG,0
TS2016-9169471_S1SUg9AO.JPG,0
TS2011PIC27362692.JPG,1
TB2014PIC87744114.JPG,0
JMI2017-9190004_r1A-hnnal.JPG,1
NVM2011PIC44570969.JPG,0
GSC2012PIC25188519.JPG,2
JSH2017-9224547_SJ95IWunZ.JPG,2
MH2013PIC43955171.JPG,2
SVEND2012PIC55269670.JPG,0
PETRA2015PIC16580155.JPG,0
JO2011PIC19965857.JPG,2
BWP2012PIC62926926.JPG,0
EAT2014PIC65056967.JPG,0
TKH2012PIC50758052.JPG,1
TS2014PIC54504815.JPG,1
TKH2013PIC47693719.JPG,1
TAK2013PIC54332935.JPG,0
PTP2017-9210481_Sy7a11LE5b.JPG,0
TS2009PIC70274068.JPG,1
JM2014PIC23872158.JPG,1
JAH2011PIC55383150.JPG,0
RF2017-9187649_rkaQJxI5l.JPG,0
BWP2014PIC53386362.JPG,1
TKH2017-9191880_HJG1T1Ik-.JPG,1
RE2009PIC59529736.JPG,1
AOJ2016-9181850_HyWzauujxl.JPG,0
EAT2010PIC25544622.JPG,1
OMA2017-9200442_H1esAVe1DZ.JPG,0
TKH2012PIC41569387.JPG,1
WE2013PIC19169757.JPG,2
TRL2017-9216593_Hyg7a_SHsW.JPG,1
LB2011PIC56548200.JPG,0
BT2015PIC55205991.JPG,0
PEL2010PIC54814838.JPG,0
HF2010PIC83737684.JPG,1
MMN2010PIC36298824.JPG,1
TAK2012PIC24559418.JPG,0
UFN2017-9226349_HkDPbEThb.JPG,2
TKH2013PIC47652891.JPG,1
TL2015PIC13456140.JPG,2
JM2009PIC60576377.JPG,1
SL2013PIC74432160.JPG,0
SVEND2012PIC78237487.JPG,0
JM2017-9223775_ByRcGHUnW.JPG,1
TKH2017-9204827_H1-v4VDub.JPG,1
PTP2015PIC71193622.JPG,1
FS2013PIC46878649.JPG,0
TB2013PIC46610124.JPG,1
JHP2017-9190339_Sy7kkHMCe.JPG,1
APE2017-9186530_HJlFzBkTwx.JPG,1
FDE2010PIC58289351.JPG,1
APE2017-9196285_rkyl4sTmW.JPG,0
TS2011PIC80250757.JPG,2
TKH2012PIC61034577.JPG,1
TS2013PIC59424619.JPG,0
TAK2013PIC35384902.JPG,1
BWP2017-9185857_BkvEG2ILg.JPG,0
TIL2017-9212334_Byx547gh9-.JPG,2
JMI2017-9200066_HJ9DNinUb.JPG,1
TL2015PIC33333522.JPG,1
BWP2012PIC84554526.JPG,0
MAKE2017-9219284_BJ-DnaKcib.JPG,0
BTO2017-9221925_BJgzCog3W.JPG,1
NHE2016-9172863_BJ7eMXgh.JPG,0
JM2017-9211199_r1xFKmovc-.JPG,1
FA2012PIC74951768.JPG,1
MMN2010PIC78388741.JPG,0
TS2011PIC42592683.JPG,0
MAV2010PIC86600420.JPG,2
AS2013PIC63041563.JPG,2
TAK2017-9204196_ryzLTdBd-.JPG,2
JAH2016PIC48857392.JPG,1
TAK2012PIC38057453.JPG,1
OMA2017-9217644_ryxFwevo-.JPG,1
TS2014PIC37165503.JPG,1
MFC2016-9178176_SkewRjy60.JPG,1
KRHA2017-9225092_HJo8FLtnW.JPG,0
ANB2016-9181695_SJWDiAtel.JPG,1
ATP2015PIC56626774.JPG,1
PTP2014PIC71083068.JPG,0
LWL2015PIC48361808.JPG,0
HM2011PIC18269444.JPG,1
GSC2013PIC40189476.JPG,0
GSC2013PIC55804721.JPG,0
MH2009PIC31966287.JPG,1
EAT2017-9208834_rkldxOq3KZ.JPG,1
TBE2017-9215485_SJJurWEnb.JPG,0
BTO2017-9210953_SkznltL5Z.JPG,0
EAT2014PIC73023589.JPG,0
BTO2017-9200945_SyRJH-QPW.JPG,0
FDE2017-9220545_SJjPIORsW.JPG,0
TAK2012PIC87730343.JPG,0
TKH2013PIC61609758.JPG,1
MFC2016-9178115_BkHJOooA.JPG,0
TKH2013PIC46186943.JPG,1
RRH2016-9180277_BJls2Ob0yl.JPG,1
HEJ2010PIC64006277.JPG,0
ML2011PIC34490164.JPG,0
PEL2010PIC32042274.JPG,2
BWP2017-9189721_B1xXAJ7Hpx.JPG,0
TKH2012PIC59249837.JPG,2
JM2012PIC12762589.JPG,2
OMA2017-9196507_rJx8GU2fEW.JPG,1
JCS2011PIC27075888.JPG,0
RE2010PIC60585326.JPG,1
CUV2017-9224413_ByX-R1O3-.JPG,2
JAH2012PIC21133869.JPG,0
TAK2012PIC21724236.JPG,1
BWP2014PIC77624622.JPG,0
HM2012PIC41355411.JPG,0
DI2010PIC15978650.JPG,1
MS2010PIC59065479.JPG,0
JAJ2016-9166808_SJ6bejPL.JPG,1
MMN2009PIC48767052.JPG,0
NVM2013PIC45261555.JPG,2
TIL2017-9190242_BJry0OalRe.JPG,1
TAK2013PIC62285572.JPG,1
MHA2010PIC83247180.JPG,2
MAV2010PIC48160256.JPG,0
TKH2011PIC59590464.JPG,1
SKA2016-9166191_rk-hoVRvS.JPG,2
APE2017-9220495_BylXgCDAiZ.JPG,0
BWP2016-9176383_Syds0zdT.JPG,1
LB2016PIC45887148.JPG,1
OMA2017-9211894_BJatiPqqW.JPG,1
AA2017-9191293_ryeK0wyJZ.JPG,1
BWP2014PIC81686463.JPG,1
LDJ2010PIC77539011.JPG,0
MMN2012PIC45632424.JPG,0
TAK2012PIC16502295.JPG,0
JAH2012PIC10962330.JPG,0
HM2014PIC26044828.JPG,1
JAH2016-9170468_ry92eERY.JPG,1
BTO2017-9189586_Sk4XlaMTx.JPG,2
MMN2017-9214581_ryso4vlsb.JPG,2
PETRA2017-9206565_ryjsX9xtb.JPG,2
AS2017-9197942_rJg2NBTuBW.JPG,1
JMI2017-9199704_ByeCjDCtU-.JPG,2
SKK2017-9194595_rJbZyrB6fb.JPG,1
MSO2016-9181047_rypv7hVgg.JPG,0
MAV2011PIC57913723.JPG,0
DB2013PIC23415193.JPG,0
BWP2016PIC20529660.JPG,0
JMI2017-9202109_B1Y_L2uwW.JPG,0
TS2013PIC88045648.JPG,1
MAV2011PIC33415627.JPG,0
YE2017-9225383_rJhs9Eqnb.JPG,2
BWP2013PIC63335616.JPG,0
ML2011PIC13431658.JPG,1
MMN2011PIC70137807.JPG,0
TRL2015PIC35525891.JPG,0
PEL2011PIC29414851.JPG,1
PEL2012PIC11075335.JPG,1
DB2013PIC67273180.JPG,0
LWL2013PIC82964212.JPG,0
JAJ2017-9191935_SyxzpqLPyb.JPG,1
BWP2010PIC15941915.JPG,0
MKH2017-9224011_ByJ543U2Z.JPG,0
TS2012PIC51681401.JPG,1
TAK2012PIC85466812.JPG,0
JAH2017-9190367_B16K65GCl.JPG,0
BEC2017-9217176_rypLBnLiW.JPG,1
SKA2013PIC65473602.JPG,0
BWP2012PIC76099589.JPG,2
ELAU2017-9210576_SJgME0DN9-.JPG,1
BEC2017-9200893_BJM7vozvb.JPG,1
KRHA2017-9224583_BkU5Qk7d2-.JPG,1
FDE2017-9204034_S17CLtEOZ.JPG,0
NVM2016PIC61578266.JPG,0
UFN2016-9174009_Bklnw8Inn.JPG,1
JAH2017-9206966_HJgrXnWtZ.JPG,1
FDE2017-9211396_S16ZQgO5-.JPG,0
D9N2017-9194336_BkTNlkOMb.JPG,0
TAK2012PIC41420036.JPG,2
BWP2010PIC14875552.JPG,0
PTP2015PIC11556036.JPG,0
JC2017-9199924_BJxOYViIW.JPG,2
BWP2013PIC50688376.JPG,1
AE2013PIC58319967.JPG,1
JAJ2017-9193639_SJWAgqCKb-.JPG,0
DI2017-9208425_S1t6YRttW.JPG,2
AS2016-9175438_S1p38v4T.JPG,2
BEH2016-9172039_SyKrwoBs.JPG,2
KN2016PIC33132733.JPG,1
APE2017-9223649_HkLZpPr2W.JPG,2
HD2017-9211613_By-6lLNtcW.JPG,1
APE2017-9217693_S1-0sVqDoW.JPG,1
FDE2013PIC35009004.JPG,0
GSC2012PIC20534649.JPG,2
TKH2012PIC32986966.JPG,1
HM2012PIC12017813.JPG,1
TS2010PIC48757990.JPG,1
MSO2016-9172027_Skgs4ccHs.JPG,2
BWP2011PIC25404581.JPG,0
GLJ2012PIC81967372.JPG,0
UFN2017-9190161_SJcos506g.JPG,0
EAT2010PIC56744960.JPG,2
MAV2012PIC74922994.JPG,1
BWP2010PIC11757820.JPG,2
JAJ2017-9187347_SJMJoJRte.JPG,0
PEL2009PIC13125171.JPG,0
UFN2017-9225327_rJWDBFXcn-.JPG,1
MAV2017-9218881_HJcCrV5sZ.JPG,1
HD2017-9206278_Hy1L0WkYZ.JPG,0
JM2009PIC73903001.JPG,0
AE2013PIC10315525.JPG,0
AVJ2016-9180326_B16slDAJg.JPG,1
CZW2011PIC23851659.JPG,0
BWP2012PIC61446420.JPG,1
BWP2014PIC65170275.JPG,1
JAJ2016-9181115_Bymgjtfrlg.JPG,0
GLJ2017-9187333_rkZYG8j6Yg.JPG,1
BWP2011PIC84773411.JPG,1
SKA2013PIC72880883.JPG,2
ELAU2017-9228239_rkeE3glVpb.JPG,1
JM2009PIC32950663.JPG,1
TS2010PIC69474822.JPG,1
EAT2012PIC26506939.JPG,1
TS2012PIC79055395.JPG,2
PTP2014PIC89332025.JPG,1
FS2013PIC16076392.JPG,1
TAK2013PIC73878199.JPG,2
JM2012PIC55335638.JPG,0
BTO2017-9209051_Hy7LVj0t-.JPG,0
APE2016-9182265_HkegA9XIbe.JPG,0
UFN2017-9192974_SJK2WqsgW.JPG,0
MS2011PIC36294832.JPG,0
FS2013PIC80355143.JPG,1
TOB2016PIC78133793.JPG,0
BWP2012PIC32979580.JPG,0
ELAU2011PIC27299330.JPG,1
MC2017-9190840_B1Dpnw9Cx.JPG,1
APE2017-9197587_SJgx_QC7BW.JPG,0
BWP2012PIC18375824.JPG,0
ML2010PIC11356629.JPG,1
HD2017-9211613_SypeUNtq-.JPG,1
DNH2017-9189866_rklnibKag.JPG,1
DI2017-9220467_rkjjLPRib.JPG,0
GSC2013PIC45574079.JPG,2
JKO2017-9188522_BJc_A83jg.JPG,0
MHA2010PIC22934127.JPG,2
TKH2013PIC45451920.JPG,1
KMA2017-9202869_SkGVIYThwW.JPG,1
APE2017-9223672_HyU_KuBhb.JPG,0
LB2017-9208124_rkGXdgB_KZ.JPG,0
SL2011PIC78230969.JPG,1
MAZ2016-9178938_HkgntFzSkx.JPG,0
TKH2012PIC43472278.JPG,0
TS2011PIC33062108.JPG,0
OMA2017-9210270_HyxEfhyV5W.JPG,1
JAJ2017-9195701_H1pAh6I7Z.JPG,1
ML2011PIC20245124.JPG,2
LB2017-9214346_Bkkvo7eoW.JPG,2
TSJ2016-9170187_HJgOMlboK.JPG,1
OMA2017-9217639_H1jlEgwsb.JPG,1
TS2014PIC63512468.JPG,1
EAT2017-9207550_SJuhLHrFZ.JPG,1
HM2012PIC16867559.JPG,1
JAJ2017-9205328_BkgOaMy9_-.JPG,0
ANB2016-9181157_BkxPJh6rle.JPG,0
JM2016-9183136_r1rH8uNzg.JPG,2
TS2016-9166666_r1kK1cr8.JPG,2
MC2017-9191225_ByMMW_ACe.JPG,0
LDJ2010PIC52895840.JPG,0
MSO2011PIC86710343.JPG,1
TAK2012PIC53117678.JPG,0
SVEND2012PIC66041655.JPG,0
TKH2017-9208767_Sy1JELhKZ.JPG,1
TS2010PIC47236354.JPG,1
PL2013PIC87389676.JPG,0
TOB2016-9170864_SkH1i8vq.JPG,2
TOB2016-9171262_H1NMd8Ac.JPG,2
TKH2013PIC24562133.JPG,1
JO2013PIC46660069.JPG,1
TAK2013PIC43561427.JPG,0
KMO2016-9181045_B1kQWhNxl.JPG,0
TL2016-9178436_ry_gVfW1x.JPG,0
BWP2009PIC19217591.JPG,0
JM2013PIC52136443.JPG,1
SVEND2011PIC21721298.JPG,1
TKH2014PIC36520982.JPG,1
TAK2013PIC59492385.JPG,0
TAN2017-9209357_BklAiYBx5b.JPG,2
EAT2012PIC84850246.JPG,2
HD2017-9206278_Bkb18CZkFW.JPG,0
APE2017-9191992_HJWqSmt1-.JPG,0
LDJ2011PIC22083945.JPG,1
TAK2014PIC38893189.JPG,1
JAH2017-9191827_H14zVzryW.JPG,0
JAJ2017-9188669_S1--wflhg.JPG,0
JM2012PIC85276734.JPG,1
MAKE2017-9207621_SkwjWtrtZ.JPG,0
JM2012PIC44307129.JPG,1
TRL2017-9200191_BkxI3SeAU-.JPG,2
APE2017-9191992_H1lvMJltJW.JPG,1
PETRA2017-9212606_ryzpvcacb.JPG,0
LB2016-9173667_HkU3hkqh.JPG,0
EKV2017-9216898_HJYO_iBiZ.JPG,0
MAV2010PIC65508254.JPG,0
SKA2016PIC26337831.JPG,0
MAV2011PIC72085342.JPG,1
OMA2017-9219430_HkNLQdij-.JPG,0
AE2010PIC52763837.JPG,0
EAT2015PIC81048008.JPG,1
APE2017-9202267_S18ZBx5vZ.JPG,1
TAK2012PIC53603424.JPG,1
TBE2017-9227085_ryeai_CyaW.JPG,1
SL2011PIC21919858.JPG,1
OMA2017-9216485_H18QRxSs-.JPG,0
BWP2014PIC77315397.JPG,0
KNI2010PIC49173603.JPG,1
TLP2017-9214016_B1W3pia1iW.JPG,0
TL2016-9167420_Bybjyt7v.JPG,2
PTP2017-9222399_Bke3qggMnZ.JPG,2
APE2017-9202340_BkMgOSUqwW.JPG,1
MAH2015PIC16766933.JPG,1
MFC2016-9171821_rJlT4x7ms.JPG,1
ML2011PIC24581766.JPG,0
OT2012PIC84729603.JPG,2
TKH2012PIC27427657.JPG,2
GSC2012PIC62950815.JPG,2
JCS2013PIC49585985.JPG,2
FDE2011PIC80113462.JPG,0
JAH2016-9183194_BkNlw0Vfe.JPG,0
JHC2017-9220689_rkcZ-5RjW.JPG,1
KMS2017-9212055_Bk4QbpqcW.JPG,1
LWI2012PIC75318816.JPG,0
AVJ2016-9170237_SJjmzo6F.JPG,2
KMA2017-9211612_ByBqmEt5Z.JPG,2
UFN2017-9190159_r1ZWicRag.JPG,0
RE2009PIC70678390.JPG,2
TS2010PIC72338205.JPG,2
OSP2017-9223481_HkDo1PH2b.JPG,1
EAT2010PIC70424801.JPG,0
FS2016-9175421_r1uiEDNa.JPG,2
ML2012PIC43960327.JPG,0
HM2012PIC13584177.JPG,1
KMA2017-9210798_SkZx8b9Sq-.JPG,1
AS2017-9197942_BJ3NST_SZ.JPG,2
BEC2017-9197720_SypU9SHB-.JPG,1
TL2016-9170291_rJZlUfCK.JPG,1
JAH2017-9189236_B17UOtphl.JPG,0
TOB2015PIC50877377.JPG,1
HF2009PIC45331715.JPG,1
FS2012PIC11147434.JPG,1
MMN2012PIC42905938.JPG,0
LWI2012PIC59257847.JPG,0
FS2016-9179872_SJcX1Cjyl.JPG,0
EAT2017-9186015_SkKxoQC8x.JPG,0
ALP2012PIC17481234.JPG,1
JAH2010PIC75913089.JPG,1
MAV2011PIC87756495.JPG,1
BTK2016-9179365_Byezs4OPyg.JPG,0
SKA2017-9205070_rJqaomOu-.JPG,2
FDE2014PIC81755585.JPG,2
PEL2009PIC26639722.JPG,0
BT2014PIC38363002.JPG,2
MS2011PIC75220131.JPG,0
TKH2013PIC81738019.JPG,1
JM2017-9205021_HyCPQbddW.JPG,0
APE2017-9215544_ByGwHz2GiW.JPG,1
LB2017-9216556_BJQaQHroZ.JPG,2
SKA2013PIC18810671.JPG,1
SDBD2017-9223956_HkC8IoU3Z.JPG,1
TKH2012PIC74963130.JPG,0
NVM2012PIC79149950.JPG,2
TAK2012PIC22627694.JPG,2
BEC2017-9217173_B175Q3Lj-.JPG,1
YE2017-9213924_rklqDp5kiZ.JPG,0
MSO2013PIC48665815.JPG,1
TAK2014PIC11292019.JPG,0
JAH2017-9192469_BJpetoHg-.JPG,1
RE2009PIC47458070.JPG,0
TRL2017-9207741_Syz_EiUFZ.JPG,0
JAJ2017-9194609_S1l60U5aG-.JPG,2
BWP2014PIC23895443.JPG,1
TBE2017-9227098_rkfuS2R1pb.JPG,1
BWP2012PIC13967421.JPG,0
TKH2012PIC68948905.JPG,2
AE2012PIC28733894.JPG,2
KN2014PIC72823846.JPG,0
JM2013PIC27485429.JPG,1
UFN2017-9227069_Byl-rWCJab.JPG,0
EAT2012PIC88465101.JPG,2
TKH2010PIC18888253.JPG,2
DI2017-9227278_Byb-JZWa-.JPG,1
LWL2011PIC42523301.JPG,0
PEL2011PIC24554085.JPG,1
DB2013PIC71398373.JPG,1
TIL2017-9190242_BJI1COaxCx.JPG,1
MAZ2016-9178938_BJ-3FKfSyx.JPG,0
AE2013PIC63156017.JPG,0
JAH2014PIC62216846.JPG,0
ALP2011PIC22884952.JPG,0
TAK2015PIC33848001.JPG,2
DB2013PIC86728720.JPG,1
DP2017-9207280_HkWuNA47Fb.JPG,2
BWP2017-9213984_H1EjepJsb.JPG,0
TS2016-9171993_ryQV_p4j.JPG,1
KRHA2017-9224583_SkM9mkQ_3W.JPG,1
PEL2011PIC57737600.JPG,1
BWP2013PIC45897168.JPG,0
ATP2015PIC22848293.JPG,2
LS2017-9227513_H1haCrWT-.JPG,1
TBE2017-9227085_B1WTs_0JTZ.JPG,1
TS2012PIC12729387.JPG,1
TS2010PIC34485252.JPG,1
TAK2012PIC66123973.JPG,2
TB2015PIC22686395.JPG,1
AS2017-9201174_H1gjlMG4vb.JPG,1
BEC2017-9193531_SygH0hsuWW.JPG,0
FVL2017-9210730_HkU-_rB9Z.JPG,1
LB2009PIC54728675.JPG,2
MC2017-9210095_ByIeRW7qZ.JPG,2
JC2016-9182175_HJl-jH7Wx.JPG,1
TS2013PIC87180774.JPG,0
EAT2016-9169762_rkxff0mF.JPG,0
TAK2012PIC18990869.JPG,2
BEC2017-9190484_rkECFvSAg.JPG,1
TKH2013PIC38236854.JPG,0
BEH2016-9171848_rkSNfwQs.JPG,0
TB2013PIC75982682.JPG,0
MSO2017-9201878_S1eZBMwvW.JPG,1
HAHO2017-9225084_BJWUUHY3-.JPG,2
APE2017-9213692_BJiA7s05W.JPG,2
MFC2016-9181550_H1xrtPYuxx.JPG,2
MSO2015PIC53844273.JPG,1
OMA2017-9225790_BJeZZHin-.JPG,1
BTO2009PIC11088850.JPG,1
EAT2010PIC26431587.JPG,1
SL2011PIC18238648.JPG,0
AS2014PIC16328398.JPG,0
JM2011PIC22014550.JPG,1
PEL2012PIC43380416.JPG,1
LB2012PIC76766875.JPG,1
EAT2009PIC43709722.JPG,0
FS2012PIC10710699.JPG,0
HAHO2017-9222307_BkByVIbn-.JPG,1
JAJ2017-9217275_HyxlczaIib.JPG,1
TS2010PIC33115375.JPG,0
BWP2011PIC57022405.JPG,2
JM2016-9182908_rkIyVDlfl.JPG,1
FK2011PIC55913280.JPG,0
HM2012PIC82330606.JPG,0
BEC2017-9213809_r1tRikko-.JPG,0
CUV2017-9225031_Hy6gHEYnZ.JPG,0
RE2012PIC53919799.JPG,0
APE2017-9187516_BkqOQyX9g.JPG,0
KMA2017-9187766_BJb5MDO9g.JPG,0
TAN2017-9210151_B1N_3zQqb.JPG,1
AS2013PIC46085370.JPG,2
JAJ2017-9191989_HkzRsKJt1b.JPG,0
TB2013PIC65129725.JPG,1
DI2017-9208447_ByG1DJ5FW.JPG,1
DB2013PIC76119465.JPG,0
TKH2013PIC66807384.JPG,0
ML2016-9184551_H1CnwSH4l.JPG,0
TKH2013PIC24227907.JPG,0
MIH2008-9188141_BJCp_q-sx.JPG,0
AOJ2016-9181391_r1gv8HBPxg.JPG,0
ANB2016-9181703_HJWpixcee.JPG,1
TSJ2017-9190130_HJzcNHRTl.JPG,1
JM2014PIC51727767.JPG,0
SKA2017-9192261_SyyPi5xxW.JPG,2
JAH2017-9188452_r1vGIQijg.JPG,1
OMA2017-9199789_SJZrbSq8W.JPG,2
TAK2015PIC74882775.JPG,2
APE2016-9182961_SJWZnZGze.JPG,1
BWP2013PIC62624695.JPG,0
LDJ2011PIC61999215.JPG,1
ML2013PIC64957981.JPG,1
WE2013PIC29358633.JPG,0
KNI2012PIC12095743.JPG,0
MSO2016-9170698_rkeBrE4q.JPG,1
MSO2013PIC46570103.JPG,1
JCS2009PIC40328717.JPG,1
PETRA2017-9212577_BJkGDIhqW.JPG,1
GLJ2013PIC15718465.JPG,1
JM2017-9219435_H1FDHdjob.JPG,1
JM2011PIC17390068.JPG,2
TS2010PIC30387524.JPG,2
LS2015PIC76982668.JPG,0
TOB2015PIC71733601.JPG,0
BWP2012PIC13467186.JPG,1
TKH2017-9208349_S1x3inKKW.JPG,1
ML2016-9184551_SkgF6TEBVl.JPG,1
JAH2010PIC24769561.JPG,1
DB2011PIC52927003.JPG,0
UFN2017-9190030_ryQvgl6pg.JPG,0
MKH2017-9224057_rkIpmpL2b.JPG,2
FS2016-9179916_SybHq1n1e.JPG,1
BWP2010PIC51890188.JPG,0
MSO2015PIC81321837.JPG,0
DP2017-9207280_HJgO4R4QF-.JPG,2
KNK2014PIC71581940.JPG,1
MIH2001-9191782_BJd2PTEkZ.JPG,1
JC2017-9186273_HyD5xWBwl.JPG,2
LWL2013PIC20127782.JPG,0
JAJ2017-9191784_H1ZEXR6EJW.JPG,0
TS2014PIC18005220.JPG,1
TS2010PIC26909348.JPG,0
MSO2011PIC29120917.JPG,2
JAJ2017-9204849_BklPLHHwu-.JPG,1
TS2013PIC57001159.JPG,0
JRU2016-9179050_By1CKGL1g.JPG,0
EAT2009PIC35637217.JPG,1
TL2015PIC74549711.JPG,1
TS2012PIC68338339.JPG,1
JC2016-9182364_HyTd_9w-e.JPG,1
RE2014PIC51522737.JPG,0
TKH2013PIC65008716.JPG,0
MAV2011PIC61855366.JPG,0
TAK2014PIC17541357.JPG,2
RE2011PIC88842188.JPG,1
TS2010PIC64691114.JPG,1
SVEND2011PIC10293332.JPG,0
TAK2013PIC50781007.JPG,1
MSO2014PIC26725870.JPG,1
TS2010PIC85278812.JPG,0
UGN2012PIC57079364.JPG,2
TOB2015PIC73387953.JPG,0
TS2016-9169493_ryelSTW1t.JPG,1
JAH2015PIC50412301.JPG,1
BWP2010PIC60727261.JPG,0
FS2009PIC86910024.JPG,1
UFN2017-9189944_SkIzT5ial.JPG,1
JM2017-9207393_HJmsrw4FZ.JPG,1
LB2013PIC16288161.JPG,2
TAK2012PIC68015088.JPG,1
FS2009PIC39144578.JPG,0
JUDS2017-9205097_BJlpuK__W.JPG,0
TOB2016-9169112_r1_VHic_.JPG,1
FA2009PIC57238321.JPG,1
TAK2013PIC63338512.JPG,0
TS2011PIC53233148.JPG,1
BLUD2017-9218693_r1bhnZjYiZ.JPG,0
DB2010PIC65662711.JPG,0
TB2015PIC21437337.JPG,0
MS2017-9218547_BJY4dHFsZ.JPG,2
JAH2015PIC88908525.JPG,0
MC2009PIC37065610.JPG,1
TKH2012PIC69643720.JPG,0
TAK2013PIC76447561.JPG,1
WE2012PIC67963440.JPG,0
DI2017-9204110_rkxk_9NOb.JPG,0
HM2011PIC41550092.JPG,2
DI2017-9227950_rkjr8qfaZ.JPG,1
ML2011PIC61562262.JPG,0
AS2015PIC88095020.JPG,1
EAT2017-9205185_BklapgTOOW.JPG,1
KMA2014PIC44229448.JPG,1
TKH2012PIC14049852.JPG,1
AS2011PIC65628663.JPG,1
TKH2017-9204072_rygipFN_b.JPG,2
PTP2014PIC66891861.JPG,0
MSO2014PIC18306255.JPG,1
RE2011PIC47700577.JPG,0
UFN2017-9196026_H194ey3m-.JPG,0
SL2013PIC66693260.JPG,1
TKH2011PIC67279895.JPG,1
ML2010PIC34856896.JPG,1
JM2017-9208707_ryJnJE3YW.JPG,0
OSP2017-9212132_B1-ZPeoqZ.JPG,1
DB2009PIC12834590.JPG,1
LS2017-9212573_HyldE839Z.JPG,1
MSO2011PIC43170226.JPG,0
TAK2015PIC87632507.JPG,1
PTP2013PIC23807997.JPG,1
PST2016-9180612_Bktrh0lll.JPG,1
RRH2015PIC19067096.JPG,2
TS2013PIC17437389.JPG,0
BWP2009PIC61731567.JPG,0
TS2012PIC43594754.JPG,1
KNK2012PIC32484361.JPG,0
JAH2017-9206291_rylUe6z1FW.JPG,0
MIH2013-9187791_S1UHDFdqg.JPG,1
SVEND2011PIC60386947.JPG,2
TL2015PIC26508429.JPG,1
JCS2011PIC17259437.JPG,1
MMN2011PIC41271178.JPG,1
PEL2017-9217112_HJx2n3tUib.JPG,1
OBL2013PIC64229764.JPG,0
AJU2016-9205555_HJJhEUodW.JPG,2
JM2012PIC85695699.JPG,2
APE2017-9192003_Bkz5ufY1-.JPG,0
SOT2017-9202595_ryxwCzqiPW.JPG,0
ELAU2017-9223089_rJqOcWVnZ.JPG,0
SL2015PIC20776760.JPG,0
APE2017-9210421_rkrUgH45W.JPG,1
MSO2014PIC55530404.JPG,0
JOJ2015PIC61115603.JPG,0
JHV2015PIC87603508.JPG,1
SVEND2011PIC61153318.JPG,0
KIRSP2013PIC85339383.JPG,0
TKH2017-9203400_B133W41Ob.JPG,2
FS2016-9170652_HygOMYVQ9.JPG,0
SVEND2011PIC37975400.JPG,1
TBE2017-9215125_HJ84f6K-sb.JPG,0
PTP2017-9210481_HyZTy18V5-.JPG,0
DI2017-9227357_BJMTmXb6-.JPG,2
APE2017-9196857_r110S0P4b.JPG,1
MMN2017-9214620_BJJurDbjb.JPG,2
MAV2017-9222520_BkeFreNzhZ.JPG,0
BWP2013PIC45972279.JPG,0
LB2017-9203633_B1qxgiVO-.JPG,0
GLJ2016-9178396_SJjumjeyg.JPG,0
EAT2017-9208835_ry9gY9htb.JPG,0
JOJ2015PIC61099140.JPG,1
AE2010PIC55440604.JPG,0
FS2012PIC24470444.JPG,1
JM2011PIC24544090.JPG,0
GSC2016-9167648_rJlB_Z8rP.JPG,1
HM2010PIC84856754.JPG,0
MSO2013PIC88925754.JPG,0
ML2010PIC82029580.JPG,1
APE2016-9183084_BycflQQMx.JPG,2
TKH2012PIC70241880.JPG,1
TOB2015PIC81941585.JPG,1
TBE2017-9212533_B1mUa0V29b.JPG,1
EAT2016-9166119_Bk0X73Br.JPG,2
BEC2017-9217176_ry4oV2UsW.JPG,0
SKA2016PIC32818392.JPG,1
MH2010PIC20854237.JPG,1
ALP2010PIC50438714.JPG,1
NVM2010PIC67171266.JPG,0
MSO2017-9205051_SJlIPnG_db.JPG,0
TBE2017-9224064_rJ-xYdkw3Z.JPG,1
TS2011PIC77078759.JPG,1
KDN2017-9211592_HJxeL-yY9-.JPG,1
BEC2017-9217926_Sy7LAXOj-.JPG,1
FRV2016-9179368_r1ly-wOvkx.JPG,0
JO2011PIC50531235.JPG,0
LB2009PIC26683507.JPG,1
JHP2017-9212306_S11sPTs9W.JPG,2
TS2012PIC57095022.JPG,1
KRHA2017-9216798_SkTC2drob.JPG,1
TS2011PIC47868590.JPG,0
JAH2010PIC14695546.JPG,1
JAJ2017-9211947_SyDKfjqcb.JPG,1
EAT2012PIC45162630.JPG,2
SKA2017-9195831_By4RyLK7Z.JPG,1
SKA2016-9165829_ByB-XFON.JPG,0
BWP2012PIC41205195.JPG,1
DI2017-9204728_Hyk9elDdb.JPG,1
BWP2009PIC46479679.JPG,0
ML2011PIC82191417.JPG,1
MFC2016-9181723_ryrT3bcgx.JPG,0
SKA2016-9165951_Bk3M3YAN.JPG,1
TS2012PIC27138491.JPG,1
TAN2017-9215409_ryWTS1IGib.JPG,0
OMA2016-9184036_ry7fMIwmg.JPG,0
TAK2012PIC26951125.JPG,1
WE2012PIC14712711.JPG,2
BTO2017-9210953_S1lMngFUcZ.JPG,0
NVM2012PIC26070468.JPG,2
FDE2011PIC12937730.JPG,2
MSO2016-9172306_S1WTzqVto.JPG,0
HM2012PIC55711627.JPG,0
MAKE2017-9219284_H1Gw3pt9jb.JPG,0
LWL2016-9174812_S19p20Ga.JPG,1
LSA2012PIC23030657.JPG,1
PEL2010PIC52549399.JPG,1
TAK2013PIC52716965.JPG,2
PEL2017-9217112_r1Z23hKIs-.JPG,2
DP2016-9181037_r1QIroVgl.JPG,0
SVEND2011PIC26750291.JPG,0
APE2017-9199451_rJxjF1Dw8-.JPG,2
EAT2010PIC60599614.JPG,2
BWP2010PIC24452560.JPG,1
HD2017-9211613_HklTx8VF5-.JPG,2
MIH2001-9191777_B1lXLmqEkW.JPG,1
TRL2017-9200138_BJfCCRhI-.JPG,1
HM2014PIC27498377.JPG,2
PTP2017-9224392_H1M9Mck_2W.JPG,1
TOB2015PIC81723216.JPG,1
TOB2015PIC41556754.JPG,1
RE2012PIC69020667.JPG,1
TOB2016-9171262_SkB8PICc.JPG,1
TKH2014PIC21874712.JPG,2
FS2013PIC37064323.JPG,0
DB2014PIC38614552.JPG,1
MC2017-9207486_SklzWA94Kb.JPG,0
TS2010PIC68569843.JPG,0
JAH2011PIC58275652.JPG,0
MAV2010PIC53961266.JPG,0
PTP2017-9222318_B1e6FLU-nb.JPG,1
FA2012PIC20396269.JPG,0
PEL2009PIC36801350.JPG,0
TL2015PIC83456884.JPG,1
TKH2013PIC66593735.JPG,2
LB2013PIC27381587.JPG,2
AS2017-9203438_r1lQ81Fk_b.JPG,1
APE2017-9219872_B1sXGGpob.JPG,1
JM2013PIC19110817.JPG,1
BWP2017-9188825_rJPRmLNhx.JPG,1
DB2017-9192876_H1rk0pYlZ.JPG,0
FS2014PIC52020351.JPG,0
JC2016-9183638_Sy5JQtWQe.JPG,2
TAK2017-9226248_HJnjvh2nW.JPG,0
AS2012PIC88777548.JPG,0
TRL2017-9200978_HkDjXzmwZ.JPG,0
PEL2011PIC77558983.JPG,0
TB2014PIC53555250.JPG,0
AS2013PIC26964658.JPG,0
APE2017-9204483_HJWxya0Hdb.JPG,1
PTP2017-9202912_Byl0KX0hDW.JPG,2
KN2017-9212471_Bk6WOQn5-.JPG,0
ML2017-9192067_SJCBe3ikb.JPG,0
BEC2017-9210022_SkzIpem9Z.JPG,1
AS2011PIC71134552.JPG,1
TKH2014PIC63271902.JPG,0
AS2016-9175739_B1e1gX2HT.JPG,0
DP2016-9176951_rJfEqxa1R.JPG,0
TBE2017-9215125_HkfVGTF-ob.JPG,0
ML2010PIC89771767.JPG,0
SVEND2011PIC11024952.JPG,1
CSF2017-9214466_By4-nBlsW.JPG,1
MC2017-9207456_ByHb59VKb.JPG,0
KIRSP2013PIC89831821.JPG,0
TKH2012PIC63071493.JPG,1
BWP2010PIC49020296.JPG,0
PEL2012PIC51564533.JPG,1
TKH2011PIC19397396.JPG,0
TSJ2017-9198185_rkgpXdLjrZ.JPG,1
OT2012PIC72001365.JPG,0
TS2014PIC14179600.JPG,2
FS2012PIC79587693.JPG,0
JMI2017-9199502_BJglsVtwIb.JPG,2
FS2012PIC35909433.JPG,1
TL2017-9202806_Bkl4MGohvZ.JPG,0
TL2015PIC54780332.JPG,0
EAT2010PIC42589716.JPG,1
AS2017-9213860_S1xEEQZ1jZ.JPG,1
TS2011PIC82391642.JPG,0
TAK2014PIC15658679.JPG,1
AOJ2016-9181787_r1gdPtIole.JPG,1
BWP2017-9185862_r15B4nU8g.JPG,0
MSO2014PIC69332634.JPG,1
TAK2012PIC59916920.JPG,1
FDE2012PIC55606722.JPG,2
DI2013PIC29262238.JPG,1
GSC2011PIC83377960.JPG,0
APE2017-9198321_BJlo0FB6HW.JPG,1
OMA2013PIC34706294.JPG,1
TAK2017-9199918_S1sKo7oI-.JPG,0
TS2016-9169441_H1qNFt0u.JPG,0
TAK2013PIC26524574.JPG,0
TKH2017-9206339_B1yYV4kK-.JPG,0
PTP2016-9171587_H1Qka6xs.JPG,0
TOB2015PIC81437737.JPG,0
MAV2014PIC12316923.JPG,1
BWP2015PIC82558460.JPG,1
EAT2017-9207758_ryclmW8tb.JPG,2
DB2014PIC86787238.JPG,2
BWP2017-9200409_SygSw7vRI-.JPG,1
BEC2017-9191260_ryrOGjCAe.JPG,2
LA2017-9226471_rJginWAn-.JPG,1
SKA2016-9165804_r1SZ33L4.JPG,0
APE2017-9223386_r1Mb2Hr2b.JPG,0
MAV2017-9222148_SyK7BAen-.JPG,1
TKH2012PIC13164084.JPG,0
PETRA2017-9186946_BklKx8IeYx.JPG,1
FDE2017-9211643_HykK9UKc-.JPG,0
BWP2011PIC33789284.JPG,1
OBL2012PIC78646171.JPG,1
EAT2011PIC65337196.JPG,0
TAK2016-9178338_Byra5O1Je.JPG,1
TB2014PIC41134267.JPG,0
FVL2009PIC49995123.JPG,0
BWP2013PIC11860305.JPG,1
TOB2016-9167053_BkFpp5aU.JPG,1
TB2016-9176761_HylJYdpa.JPG,0
FDE2009PIC36538929.JPG,1
JAH2015PIC58886702.JPG,1
AS2012PIC12188538.JPG,0
SVEND2010PIC86227242.JPG,0
AS2012PIC44091215.JPG,2
AMI2017-9220344_B1Pqx0pi-.JPG,1
FS2017-9226302_B1uSiba3-.JPG,1
BWP2014PIC30993689.JPG,1
TS2013PIC19595687.JPG,0
JMI2017-9198503_BkYGct1LZ.JPG,0
MC2017-9191240_BJFd7_R0g.JPG,0
TB2014PIC71508791.JPG,1
KNK2014PIC37651521.JPG,0
TS2016-9176700_H1iKaHpp.JPG,2
JAH2013PIC36019991.JPG,0
HM2009PIC55112659.JPG,0
BEC2017-9194913_BklXGZB1X-.JPG,1
UGN2011PIC52261462.JPG,0
PBH2012PIC84858524.JPG,0
BWP2010PIC22262195.JPG,0
JAH2010PIC85329611.JPG,0
JAH2013PIC71224777.JPG,0
BEC2017-9213809_rJxw5qZib.JPG,1
FDE2017-9206404_SkWMZDJt-.JPG,1
BWP2016-9180682_SJzlDBWgg.JPG,2
OSP2017-9223642_S1Z5KvrnW.JPG,1
MKH2017-9213321_rJlGicp5Z.JPG,1
TS2015PIC32554229.JPG,1
UFN2017-9189963_ByeYUQ3sTx.JPG,2
RT2013PIC22149425.JPG,2
GLJ2011PIC46454732.JPG,1
SKA2016-9166259_SkhDLcYB.JPG,0
AE2011PIC41563078.JPG,1
FRV2016-9178048_BkUobYjR.JPG,0
DI2017-9202760_rkFRw_3vb.JPG,0
KMA2017-9227731_ryxEwiEfaW.JPG,0
OMA2017-9210270_HJVfnkN5-.JPG,1
MH2013PIC18184265.JPG,2
MC2017-9228300_S1kAyCEa-.JPG,1
OMA2015PIC11127708.JPG,2
JAJ2017-9201361_B1g99dpND-.JPG,1
FDE2014PIC17243791.JPG,0
JCS2014PIC18541436.JPG,1
APE2017-9186236_HyYFpqXwg.JPG,1
AE2011PIC60930229.JPG,1
MB2009PIC35197202.JPG,0
OMA2016PIC73112987.JPG,1
TSJ2016-9173184_Sysf6Tfh.JPG,1
LWL2013PIC36848597.JPG,0
PTP2015PIC23161103.JPG,1
EAT2017-9208834_HJdgOchtb.JPG,0
EAT2013PIC55292345.JPG,2
JAH2009PIC16601965.JPG,0
TL2016-9166622_HyOU6SS8.JPG,1
MSO2013PIC83500537.JPG,0
AS2015PIC80753896.JPG,1
DB2013PIC27891410.JPG,0
PTP2017-9210842_SJe7122rqZ.JPG,1
MSO2017-9192370_ByZ6tpGlZ.JPG,0
SKA2017-9205648_rkmd1mhOb.JPG,0
MSO2014PIC10215340.JPG,0
KN2015PIC59252232.JPG,1
UFN2017-9190158_S1Aoq9Apg.JPG,1
LB2012PIC50310073.JPG,0
MAV2017-9203941_HkwZOvmuZ.JPG,0
MSO2017-9193205_rkBqDjWbb.JPG,1
MSO2011PIC39378942.JPG,1
OMA2017-9223188_HylDj4j4hb.JPG,1
BWP2011PIC44932502.JPG,2
MAV2010PIC86613398.JPG,1
TKH2012PIC11519578.JPG,2
JAH2017-9202571_rkdz8DsDZ.JPG,0
KDN2017-9223809_SJcXj8Uh-.JPG,1
APE2017-9208161_B1lWRQP_KZ.JPG,0
MSO2017-9227574_BJEC5Jf6W.JPG,0
BTO2017-9214312_SyMo5Lxob.JPG,0
DP2016-9176630_Hye5Muh9p.JPG,2
ELAU2012PIC21315586.JPG,2
AS2012PIC28526827.JPG,0
MSO2015PIC34124686.JPG,1
TKH2012PIC25953034.JPG,2
JAJ2017-9223938_rkmpc5I3b.JPG,0
PETRA2017-9208228_BkV13j_K-.JPG,1
TKH2012PIC72849345.JPG,0
AS2012PIC81415739.JPG,1
MSO2012PIC40052908.JPG,2
TS2016-9173002_By-qTYbh.JPG,2
TS2013PIC18915898.JPG,0
JAH2012PIC86152635.JPG,2
PTP2017-9210481_rJxT1JU4cZ.JPG,1
LB2017-9214978_HkG8tDWoZ.JPG,1
TOB2015PIC39859287.JPG,2
FDE2012PIC35010238.JPG,2
LSA2017-9214471_BksNpHeiW.JPG,1
FS2012PIC64730125.JPG,0
BWP2016-9180223_SJGAuVTye.JPG,0
TAK2013PIC34892966.JPG,0
APE2017-9203422_HkziCL1_W.JPG,1
PTP2013PIC78131589.JPG,2
ML2012PIC63772123.JPG,0
JAH2017-9221889_HJKVJElnb.JPG,0
JAH2013PIC77369256.JPG,0
TS2013PIC48359365.JPG,0
SAM2017-9221013_SJk7w_Jhb.JPG,1
MS2009PIC61953874.JPG,0
TKH2013PIC71113668.JPG,0
JMI2017-9203906_BJj1AIXub.JPG,1
UGN2011PIC59160088.JPG,1
PRC2009PIC45575354.JPG,1
JC2017-9205084_r1ZfPQw_OW.JPG,1
SOT2017-9227822_BJ7yWPGaW.JPG,0
HF2012PIC44559405.JPG,2
BL2015PIC37331069.JPG,1
BWP2013PIC76761420.JPG,1
JAH2010PIC15670880.JPG,0
MMN2010PIC36604355.JPG,0
LB2011PIC55369341.JPG,0
HM2009PIC60757601.JPG,2
TKH2014PIC85216778.JPG,1
FVL2009PIC49049490.JPG,0
TKH2012PIC14107030.JPG,0
SL2011PIC74397836.JPG,1
TOB2015PIC63330743.JPG,0
MSO2016-9181051_SyHDB3Eel.JPG,1
FDE2014PIC18967978.JPG,2
APE2017-9208224_Syb-s4iutW.JPG,1
FS2017-9214741_Bkzoyfbj-.JPG,0
TKH2014PIC15010906.JPG,2
BWP2013PIC35502672.JPG,0
OMA2017-9211098_r1MzielD5b.JPG,1
SKA2016-9171925_BJRxO5Vo.JPG,1
JAH2009PIC73207629.JPG,1
TS2011PIC49602460.JPG,0
DB2009PIC80435880.JPG,0
BWP2012PIC52678781.JPG,0
HEJ2010PIC10765517.JPG,1
SVEND2010PIC34071006.JPG,1
BWP2009PIC86493975.JPG,1
AE2013PIC21035856.JPG,0
JHP2017-9202224_H1lfqW9vZ.JPG,0
BWP2017-9188156_r125r6Wie.JPG,0
MS2011PIC25106276.JPG,1
EAT2009PIC36567617.JPG,1
ML2011PIC39297666.JPG,1
SVEND2012PIC55048659.JPG,2
PTP2014PIC35994020.JPG,0
SVEND2011PIC78867425.JPG,1
TS2009PIC59307654.JPG,1
DB2013PIC19449865.JPG,1
HD2017-9212105_BkXHYfkjq-.JPG,0
TAK2017-9199918_ryeiFs7sUb.JPG,0
BWP2012PIC85936783.JPG,1
FS2013PIC80391709.JPG,1
MS2017-9204096_S1x_sx9N_Z.JPG,2
BWP2017-9215574_ByD8k6MsW.JPG,1
ML2010PIC66258405.JPG,1
WE2011PIC42576174.JPG,0
WE2014PIC58188296.JPG,2
KMA2017-9187766_S1gbcMPu5g.JPG,2
BWP2015PIC50530596.JPG,0
KMA2016-9174525_SkxGHKD-a.JPG,0
GLJ2013PIC21772670.JPG,0
KIRSP2017-9213122_BkBC1Ba5b.JPG,0
MS2011PIC32993583.JPG,1
ML2011PIC67724330.JPG,0
AS2009PIC40156528.JPG,0
JAJ2017-9187413_SkkqP5xcx.JPG,1
TS2016-9175289_BJcJ5HN6.JPG,1
LDJ2011PIC13860832.JPG,1
DI2017-9209197_ry2pXQkcZ.JPG,0
TF2016-9175917_HJfFBw8a.JPG,0
HM2014PIC18696523.JPG,0
TB2013PIC45655519.JPG,0
DP2016-9171898_HJgY6A8Ns.JPG,2
HM2011PIC33626805.JPG,2
BL2015PIC45491595.JPG,0
TAK2013PIC17643745.JPG,2
APE2017-9187497_HJj32afce.JPG,2
MS2017-9213331_HkgjBEsT5-.JPG,0
JAH2015PIC36931596.JPG,0
TS2012PIC20419610.JPG,0
FS2013PIC87990758.JPG,1
APE2017-9208161_H1-CQDdFZ.JPG,0
TAK2012PIC45503411.JPG,1
LDJ2011PIC10105824.JPG,0
GLJ2011PIC27011452.JPG,1
TAK2013PIC80508926.JPG,0
MAV2010PIC16972807.JPG,0
PTP2017-9208792_ryiu4PhKW.JPG,1
SVEND2012PIC57835384.JPG,0
MMN2011PIC51861221.JPG,2
BJO2010PIC32319976.JPG,2
EAT2011PIC24315048.JPG,0
BWP2013PIC78566864.JPG,0
HM2009PIC54476558.JPG,1
HM2012PIC79072942.JPG,1
JC2017-9224707_HylJuRunW.JPG,2
LSA2016-9168910_ByFuBcDO.JPG,1
JM2017-9200772_BJbqciZPZ.JPG,1
TAK2016-9173354_HJeDHr4Hh.JPG,2
MMN2011PIC34605332.JPG,2
TKH2014PIC21931949.JPG,1
KIRSP2013PIC10818984.JPG,1
TL2017-9202806_Hy4fzi2vW.JPG,1
BTO2017-9225974_BkCsP0jhb.JPG,0
BEC2017-9193931_ByN4sWGGZ.JPG,1
KMA2016-9167086_HJEb290U.JPG,1
SVEND2010PIC70115186.JPG,1
UFN2016-9174003_ByehzLh2.JPG,0
BWP2013PIC12133435.JPG,0
APE2017-9217693_HyAi4qPs-.JPG,1
BWP2015PIC13343263.JPG,1
DB2017-9191390_Syxdnlz-kb.JPG,2
MASH2017-9219701_SJefarzniW.JPG,1
NVM2010PIC80921551.JPG,0
JAJ2017-9187344_By2_wyCYl.JPG,1
MC2017-9207438_B1nMv9EFW.JPG,1
MC2017-9190764_SyByyU50x.JPG,1
FDE2015PIC51206660.JPG,0
TS2012PIC14843493.JPG,1
TRL2016-9181252_ryGC3BLel.JPG,0
TBE2017-9226328_HJu6GmT3Z.JPG,2
EAT2011PIC44053299.JPG,0
GLJ2017-9187337_BJNlTbm5g.JPG,0
JHP2009PIC83094299.JPG,1
SVEND2011PIC42477607.JPG,1
SKA2016-9165911_BJelcln4.JPG,1
TAK2012PIC34420700.JPG,2
HD2017-9203461_rybiHOFkOW.JPG,0
BTK2016-9179363_HyZxeODke.JPG,2
JHP2009PIC35314587.JPG,1
SKA2016PIC81528753.JPG,1
TSJ2017-9197700_HkdJwfSrZ.JPG,2
BEC2017-9186808_rJl9H8IU_e.JPG,1
RT2013PIC28608685.JPG,0
RF2017-9194639_B1f3HRaG-.JPG,2
TOB2016PIC13383231.JPG,1
TS2010PIC88154654.JPG,2
AE2013PIC24107265.JPG,1
AE2010PIC64801617.JPG,0
TKH2012PIC77003433.JPG,1
BWP2013PIC35584344.JPG,0
BWP2009PIC48332732.JPG,0
BWP2012PIC43850138.JPG,2
NES2009PIC85782151.JPG,0
FA2012PIC64269028.JPG,2
LSA2011PIC80176263.JPG,0
BEC2017-9196611_ryls4mcHNZ.JPG,1
JC2017-9189152_BkFSgnine.JPG,1
JAJ2017-9185932_B1er9kNqLe.JPG,1
SKA2016-9171191_S1oWr3hq.JPG,2
TAK2013PIC53464451.JPG,1
FDE2017-9221630_BJoaxR1nW.JPG,0
BWP2013PIC78720151.JPG,1
TAK2013PIC49264477.JPG,1
PTP2016-9168582_SkgCDOdzO.JPG,2
KNI2009PIC69894679.JPG,1
HM2014PIC17332262.JPG,2
TAK2013PIC19247182.JPG,2
PTP2017-9224410_SkSUT1_2-.JPG,2
DP2016-9177815_rJ1uSlY0.JPG,0
BWP2017-9200373_BkVaH80Ib.JPG,2
EAT2011PIC58812527.JPG,0
MAKE2017-9219309_HJZjF-s9oW.JPG,1
OMA2016-9171566_S1gjW6oxi.JPG,1
TS2012PIC72241086.JPG,0
AS2011PIC38155768.JPG,0
TL2016PIC64805945.JPG,1
SVEND2011PIC46073093.JPG,1
JAH2013PIC64030104.JPG,2
JHP2017-9198350_HyWCI10H-.JPG,1
BWP2011PIC82134186.JPG,2
MMN2011PIC58489032.JPG,0
TS2013PIC85209899.JPG,0
MAV2012PIC66462192.JPG,1
PEL2017-9195655_S1xKe9iImb.JPG,1
JM2016-9179107_By-0kDLJe.JPG,2
MKH2017-9218678_B1AR8qFjb.JPG,1
TRL2017-9224487_Hkjhheu3b.JPG,0
ML2013PIC57875217.JPG,0
TKH2013PIC74473508.JPG,1
LWL2013PIC51107510.JPG,1
KMA2016-9184458_rJN1TWEEe.JPG,0
PTP2017-9209677_SkEgMTZqW.JPG,0
FDE2014PIC40048067.JPG,0
EAT2010PIC28703005.JPG,2
PEL2009PIC53972893.JPG,1
MAKE2017-9223862_Sk1fztUnW.JPG,0
JOJ2015PIC29463131.JPG,1
TAK2012PIC72021149.JPG,1
MS2009PIC55665920.JPG,1
BTO2017-9226423_ByHkWkRnZ.JPG,0
NVM2013PIC17483113.JPG,1
MS2011PIC52305053.JPG,0
MCE2017-9207013_HJdeIpWYZ.JPG,2
SKA2013PIC17678116.JPG,1
BWP2012PIC24872310.JPG,0
NVM2012PIC37107525.JPG,0
TS2016-9167157_SydmobeD.JPG,1
SKA2013PIC11576296.JPG,1
PL2012PIC82769359.JPG,0
PTP2017-9222318_Hy6Y8Ubn-.JPG,1
BWP2017-9186719_Hy-cOnKmde.JPG,2
TOB2015PIC85026964.JPG,0
UFN2017-9190022_r1poaJp6x.JPG,0
PTP2017-9211536_BkfdhBOcZ.JPG,0
MAV2010PIC79731378.JPG,1
CRI2017-9228384_B1JKMbBpZ.JPG,1
BT2014PIC26660589.JPG,0
MKH2017-9213321_Sy37j5aq-.JPG,1
UFN2017-9196429_SkoegMlEW.JPG,1
PTP2016-9172386_HJMESZcs.JPG,1
GSC2016PIC71246407.JPG,1
JC2017-9185726_r1vERVSUg.JPG,1
MMN2009PIC13394769.JPG,1
ML2010PIC60893682.JPG,1
TRL2015PIC72022526.JPG,1
JMI2017-9205470_SJzIvQid-.JPG,2
AS2016-9182277_S1G8dBUbl.JPG,0
TS2012PIC82093171.JPG,0
DB2017-9192767_HJeBQddgW.JPG,1
MSO2013PIC81780262.JPG,1
MSO2016-9166457_rkzvxr-U.JPG,1
BNI2015PIC76170535.JPG,2
JM2013PIC34183791.JPG,1
AS2009PIC81502513.JPG,0
OBL2017-9206867_HkekfKDWt-.JPG,1
JAJ2017-9201374_B1x1OGR4w-.JPG,0
BWP2015PIC22438680.JPG,2
LB2011PIC58080420.JPG,2
JC2017-9188978_Byx1p2T8ne.JPG,0
BWP2014PIC28766699.JPG,2
BWP2011PIC11678262.JPG,0
MIH2016-9181780_By9h2rigl.JPG,1
JMI2017-9199303_H109vNU8W.JPG,0
TKH2013PIC74174558.JPG,0
TOB2016PIC53129679.JPG,1
JM2013PIC29578013.JPG,1
JM2017-9200772_BklbcqsWwZ.JPG,2
BWP2014PIC44921959.JPG,0
MAKE2017-9216325_HyxQdqENsZ.JPG,0
BWP2013PIC86064386.JPG,1
DI2017-9220453_Skd2XPCiZ.JPG,1
LB2016-9183472_SyxztfAczl.JPG,1
EAT2012PIC16996365.JPG,2
MSO2016-9172306_rJgafq4Yj.JPG,2
GLJ2013PIC87114834.JPG,0
JM2009PIC78123091.JPG,2
YE2015PIC47772229.JPG,2
PTP2014PIC82666145.JPG,0
SAE2017-9216682_Bkpnn8Hj-.JPG,0
JO2013PIC54394557.JPG,2
TL2015PIC65411722.JPG,0
JAH2012PIC22437468.JPG,0
TKH2012PIC65382191.JPG,1
GLJ2013PIC42871187.JPG,0
BWP2012PIC26265146.JPG,0
TAK2015PIC79375411.JPG,0
DB2013PIC41883821.JPG,1
MAZ2016-9178960_SyehmV7H1e.JPG,1
FS2012PIC88061607.JPG,0
SL2013PIC64214220.JPG,1
BWP2014PIC17763189.JPG,1
MMN2011PIC64016417.JPG,1
TKH2012PIC72808194.JPG,1
JHV2010PIC11732651.JPG,0
SVEND2011PIC22199009.JPG,1
UFN2017-9225413_rJtoMHch-.JPG,0
AEJ2010PIC77258881.JPG,1
ML2010PIC58892880.JPG,2
KMA2016-9182228_HymuylLZg.JPG,0
JM2016-9182924_SyZAT2lMl.JPG,0
MSO2015PIC47796972.JPG,1
TB2014PIC83512594.JPG,0
APE2016-9180280_rJ5bC-01e.JPG,1
DB2013PIC38325066.JPG,0
MKH2017-9210839_H1MznnBc-.JPG,0
HM2011PIC69736567.JPG,1
FS2013PIC32880582.JPG,0
SKA2016-9165815_HJUswlu4.JPG,0
BWP2013PIC79291059.JPG,0
MSO2012PIC54624358.JPG,2
TS2012PIC28194467.JPG,2
LB2013PIC61014746.JPG,2
TB2011PIC36907675.JPG,2
UFN2016-9173867_B1SClxhn.JPG,0
KNK2014PIC43613724.JPG,1
JMI2017-9210190_ByjaMpQ9-.JPG,1
DI2017-9209210_rkWSPXJ5Z.JPG,1
PEL2012PIC84303380.JPG,0
EAT2012PIC81267158.JPG,1
TL2016-9168586_HJssDizu.JPG,1
DNH2017-9191621_H1OFWv7y-.JPG,2
LB2015PIC65260055.JPG,1
AS2017-9216187_SyxMA7WNjZ.JPG,1
UFN2017-9192275_ByjDz2glb.JPG,1
JMI2017-9203921_Hk3llvmdZ.JPG,0
TS2011PIC33475472.JPG,0
TKH2014PIC23387416.JPG,0
TAK2017-9197144_HklAQfREZ.JPG,0
LB2010PIC13086725.JPG,1
APE2017-9217735_SkUl9hPoW.JPG,0
APE2017-9185310_SylSoJmure.JPG,0
MC2017-9190217_rJNOZZe0e.JPG,1
MSO2011PIC67315701.JPG,0
EAT2012PIC62623530.JPG,1
APE2017-9196854_BkxgLU6w4-.JPG,0
PEL2013PIC14799078.JPG,0
BWP2010PIC21528190.JPG,0
PTP2015PIC68546368.JPG,1
MC2017-9191231_r16kGOC0g.JPG,0
TS2012PIC10120331.JPG,0
ANB2016-9178544_r1eqEBQGJx.JPG,0
MAV2017-9222148_r1eKQH0enW.JPG,2
PT2011PIC44076143.JPG,1
TS2009PIC25099512.JPG,0
HM2012PIC57807899.JPG,2
JMI2017-9199502_ryljEYPU-.JPG,0
APE2017-9199453_BkeloxwDIW.JPG,0
HM2012PIC49785535.JPG,0
BKN2017-9226164_ByuXoc33-.JPG,1
MAV2015PIC12987852.JPG,1
SISF2017-9222876_HyvjIK72W.JPG,1
EFJ2012PIC14659853.JPG,1
FDE2013PIC76620198.JPG,1
MSO2015PIC79676742.JPG,0
OBL2016-9178358_Bkgj4D611g.JPG,0
KIRSP2013PIC26579373.JPG,1
PEH2017-9221562_HypTi2ynW.JPG,1
TS2013PIC15583669.JPG,1
FS2013PIC16163095.JPG,1
BWP2010PIC38290818.JPG,0
APE2017-9202097_B1UvLsdPW.JPG,2
DI2017-9201596_HkonHZLwb.JPG,1
HM2014PIC88522024.JPG,0
TKH2013PIC46574589.JPG,0
FVL2009PIC70513354.JPG,0
BL2017-9227386_r1sUqQ-ab.JPG,1
TS2011PIC23847898.JPG,1
HM2012PIC36371995.JPG,2
NVM2012PIC76124594.JPG,0
TL2015PIC13318931.JPG,2
TAN2017-9208908_rygCtLd6Y-.JPG,0
TAK2014PIC29623447.JPG,1
APE2017-9204510_B1g1lge8u-.JPG,1
FDE2013PIC77876479.JPG,1
JAJ2017-9192070_B1x2IyosyW.JPG,0
MSO2016-9181047_H1B9Q2Elx.JPG,2
UFN2016-9175849_S1bfgHUU6.JPG,0
BWP2013PIC20385972.JPG,0
TS2013PIC57828375.JPG,0
LDJ2011PIC38393590.JPG,0
MS2017-9201742_SyDNf4dw-.JPG,1
HLI2013PIC62982507.JPG,0
TS2013PIC71474048.JPG,0
OMA2016-9182366_ryaMPSObx.JPG,2
MS2010PIC54484243.JPG,0
RT2013PIC25160855.JPG,1
AS2010PIC49339126.JPG,0
TB2016-9176763_Sy3Atd6a.JPG,1
FDE2012PIC24403161.JPG,1
FS2011PIC62644555.JPG,1
SVEND2013PIC57869004.JPG,1
TAK2014PIC47520381.JPG,0
DB2014PIC16314071.JPG,0
BWP2009PIC37974508.JPG,0
TS2010PIC46310535.JPG,1
HM2011PIC85755355.JPG,1
TOB2016-9171262_HJGlOIAq.JPG,0
EAT2017-9205668_H1xWRWUhOZ.JPG,1
TKH2014PIC28558141.JPG,0
MS2009PIC61230055.JPG,2
APE2016-9182316_HyVnvDDbe.JPG,1
JAH2011PIC16938196.JPG,0
TKH2013PIC38360289.JPG,0
PRC2010PIC56853469.JPG,0
MKH2017-9210878_HksY3pB9-.JPG,1
JAH2010PIC57837793.JPG,0
JM2016-9166662_BkLenYHI.JPG,1
JAH2017-9191828_S1RkSGB1b.JPG,1
EAT2009PIC52488082.JPG,1
TAK2012PIC38989284.JPG,0
BEC2017-9203550_Hy9JHaxO-.JPG,1
AS2013PIC58550492.JPG,0
ML2011PIC56481442.JPG,1
MAV2017-9220979_Bk8kHuJnb.JPG,0
WE2013PIC59162523.JPG,0
MMN2017-9216662_rkLtK8Hi-.JPG,0
KMA2017-9227731_HyVwoVG6Z.JPG,1
TAK2013PIC10749718.JPG,0
PL2012PIC57635163.JPG,2
TS2014PIC78723115.JPG,0
BWP2010PIC84441550.JPG,0
JAJ2017-9217275_SJgcMTIi-.JPG,0
FDE2011PIC12892682.JPG,0
UFN2017-9196438_H190GMxVZ.JPG,0
SL2011PIC32674507.JPG,1
APE2017-9198321_rkiCKr6S-.JPG,2
KMA2017-9208906_rJxEzmu6t-.JPG,1
HM2012PIC11582265.JPG,1
JAH2016-9177436_rJlvcUxNR.JPG,0
OSP2017-9211594_HJWmiYgt5b.JPG,1
TRL2017-9196675_rk1fr5IV-.JPG,0
ELAU2017-9228239_rkE3ggN6W.JPG,0
UFN2017-9192966_rklXKyqilZ.JPG,0
JHC2017-9196879_HkQaJ-ON-.JPG,0
JO2012PIC25636505.JPG,0
JM2015PIC86271067.JPG,1
LWL2015PIC64648015.JPG,1
MAV2010PIC10872839.JPG,0
FDE2010PIC81292320.JPG,0
BWP2010PIC16663778.JPG,0
MMN2012PIC20003142.JPG,0
TS2010PIC41260207.JPG,2
TKH2014PIC34540279.JPG,2
BWP2011PIC20338046.JPG,2
BEC2017-9195758_HyfFUvdXb.JPG,1
BWP2012PIC32677867.JPG,1
TS2014PIC35045231.JPG,2
TS2013PIC86507066.JPG,1
ML2011PIC60072745.JPG,2
DI2011PIC14286613.JPG,0
TS2010PIC79858564.JPG,0
MS2011PIC75799496.JPG,0
MSO2012PIC73822385.JPG,1
PRC2010PIC58077926.JPG,1
BWP2010PIC48667092.JPG,0
PEL2009PIC79642691.JPG,2
ML2016-9184551_H1_b1rrNx.JPG,0
ML2009PIC40169541.JPG,0
TAK2013PIC52300669.JPG,0
PEL2011PIC66072242.JPG,1
BL2017-9227455_HkQR24W6W.JPG,0
JHV2013PIC85648663.JPG,0
KNI2009PIC53428925.JPG,1
PEL2012PIC23163700.JPG,0
FS2011PIC89567402.JPG,0
GLJ2016-9180138_H1lNZNypyg.JPG,1
BWP2012PIC68004934.JPG,0
TSJ2017-9185899_HJcbAfu8g.JPG,0
PTP2014PIC85027074.JPG,2
TAK2012PIC14606847.JPG,0
ML2011PIC49777954.JPG,0
TAK2013PIC25816865.JPG,1
BEC2017-9187495_SylwY7Qfql.JPG,2
TS2016-9169943_BJnvMmUK.JPG,0
TRL2017-9225844_ry87YPjnZ.JPG,1
SVEND2012PIC51832236.JPG,1
TIL2017-9217051_B1w2eYIoW.JPG,0
SRH2016-9172147_ByWgbQgDi.JPG,1
DI2017-9209624_S1n96jZ9W.JPG,1
RJK2017-9222697_rkzZ_jz3-.JPG,1
MMN2009PIC59868979.JPG,1
TKH2014PIC11627930.JPG,0
PETRA2017-9225093_rJ595rYnb.JPG,1
BEC2016-9184748_HJvOGAFNg.JPG,0
PEL2012PIC11885201.JPG,1
BWP2015PIC74971686.JPG,1
MB2010PIC85878069.JPG,0
KNK2013PIC31966401.JPG,0
TKH2013PIC13365929.JPG,1
HAHO2017-9225084_r1eWIUBY2b.JPG,1
PEL2009PIC34812433.JPG,1
SVEND2010PIC19139725.JPG,0
EAT2012PIC60870440.JPG,1
DP2016-9177815_Skx1dHxtC.JPG,0
TS2016-9176748_ByWyiSRp.JPG,0
JAH2014PIC39411104.JPG,1
TS2016-9175451_Hkj3XJra.JPG,1
MH2015PIC68323469.JPG,0
SRH2016-9180960_HJWxyz6Qxl.JPG,1
DB2012PIC67171695.JPG,0
PEL2013PIC65896469.JPG,0
JM2013PIC80869105.JPG,2
TAK2014PIC10640672.JPG,2
FA2009PIC41629282.JPG,0
KIRSP2013PIC29240883.JPG,1
TS2013PIC69923472.JPG,1
EAT2009PIC82666551.JPG,0
JAH2012PIC29950731.JPG,2
JLY2017-9190482_HJbe_LSCx.JPG,0
EMB2015PIC56469398.JPG,0
MAKE2017-9207620_SkWXWtBKW.JPG,0
TAK2015PIC72927296.JPG,0
TAK2013PIC35401999.JPG,1
TOB2016PIC35378940.JPG,0
BWP2011PIC29109376.JPG,0
TKH2013PIC72573619.JPG,2
MAV2017-9227296_S1zCD-bpb.JPG,0
AE2013PIC82916662.JPG,0
BT2015PIC13143989.JPG,0
MAV2013PIC28770868.JPG,0
FS2017-9214200_BJc4m-goW.JPG,2
JAH2015PIC29059201.JPG,1
OT2012PIC15890602.JPG,0
FA2012PIC18006000.JPG,0
TAK2012PIC68791205.JPG,0
TS2009PIC45213263.JPG,0
JCS2011PIC52094888.JPG,0
EAT2014PIC18397955.JPG,0
PST2016-9181398_S1ejhYIPxx.JPG,0
TSJ2017-9190313_SJvAgI-Cx.JPG,2
TL2017-9195545_HJOkxL4QZ.JPG,0
JSP2010PIC65573704.JPG,1
MASH2017-9219701_BJfprG2oW.JPG,1
MMN2009PIC50906035.JPG,1
AE2012PIC21655333.JPG,2
TAK2013PIC72775429.JPG,0
AS2017-9216796_HJuihOro-.JPG,0
BWP2012PIC39634221.JPG,0
JAJ2017-9201210_BylwLewNPZ.JPG,1
SL2013PIC38988564.JPG,1
JWJ2009PIC42335532.JPG,1
GLJ2011PIC51153675.JPG,0
OMA2017-9218825_BkfWGV9sb.JPG,0
GLJ2011PIC76656715.JPG,2
FDE2016PIC20933145.JPG,0
SKA2016-9189423_Sym0Iayae.JPG,0
HM2012PIC20379595.JPG,0
KNK2015PIC54528843.JPG,1
AE2013PIC41022798.JPG,1
TAK2013PIC47472319.JPG,1
AA2017-9215567_H1iGq2Gjb.JPG,0
MAKE2017-9219284_Byew2atqsb.JPG,0
BWP2012PIC10854083.JPG,1
HAHO2017-9196828_r1MNNxFD4b.JPG,2
BEC2017-9193531_HJ7yCjd-Z.JPG,2
JAH2016-9183201_ByxWCuCVGl.JPG,0
TL2015PIC35772682.JPG,1
TB2015PIC55559157.JPG,0
DP2016-9181262_rJQKYIUgg.JPG,0
JMI2017-9209279_rJeE-eGlqW.JPG,0
TAK2016PIC35141659.JPG,0
DP2017-9207729_rJzoKJLtb.JPG,1
TAK2013PIC63181955.JPG,1
AS2010PIC58249290.JPG,1
TKH2012PIC74504367.JPG,2
MAV2009PIC47635672.JPG,0
JM2014PIC77433707.JPG,1
ML2011PIC69594964.JPG,1
JM2015PIC20804266.JPG,0
TOB2015PIC55317826.JPG,0
BT2015PIC20413585.JPG,1
TOB2015PIC40468271.JPG,2
EAT2009PIC21815536.JPG,1
PL2013PIC32156914.JPG,2
AOJ2016-9181850_Skgf6uuill.JPG,2
TAK2017-9196900_BkhtFTuNW.JPG,2
FVL2009PIC49332669.JPG,1
SKA2017-9191155_rk7vkJA0g.JPG,1
MKH2017-9222201_rJi_sf-hZ.JPG,0
TKH2012PIC50189952.JPG,0
KMA2016-9180862_HJe2KMw7eg.JPG,2
KMA2017-9220699_H1UYS5Cib.JPG,0
JAH2014PIC13036077.JPG,1
DI2017-9203172_BJ_bVfAwW.JPG,1
FS2013PIC43621374.JPG,2
SL2013PIC65912084.JPG,2
PEH2010PIC66448506.JPG,1
APE2016-9182288_r1gM3DIbg.JPG,1
TAK2013PIC49268040.JPG,2
BWP2014PIC35066362.JPG,1
TRL2017-9207680_Hkaq_iBKZ.JPG,0
AS2012PIC77695568.JPG,0
TKH2017-9199268_rkYOT6rIZ.JPG,0
NVM2014PIC56661202.JPG,1
FDE2016PIC84269641.JPG,1
TS2012PIC65978798.JPG,0
EAT2013PIC31150844.JPG,1
LWL2015PIC79904731.JPG,1
TKH2013PIC65842224.JPG,2
TRL2017-9191172_rJemeQHARe.JPG,2
SRH2016-9181255_Bkk3xLUlg.JPG,0
MAV2010PIC36551156.JPG,2
LASSE2016-9178192_SyZnM4TR.JPG,1
AS2011PIC15979101.JPG,0
APE2017-9188430_S1_Hz1oox.JPG,0
ML2009PIC43613331.JPG,1
SKA2016-9173297_SyeVNeEh.JPG,2
PTP2013PIC73132784.JPG,0
EAT2016-9169581_ryxqLQbY.JPG,0
TS2013PIC89050573.JPG,2
BWP2012PIC57639944.JPG,2
TAK2012PIC73346429.JPG,0
LJG2017-9227116_Bkx4zbg6b.JPG,1
JM2016-9181501_ByYNZAvlg.JPG,2
AS2013PIC26575255.JPG,2
TAK2012PIC29216974.JPG,2
BWP2012PIC45459654.JPG,0
APE2017-9187497_SJbj2n6z9e.JPG,1
JCS2009PIC52157441.JPG,1
MSO2015PIC28577248.JPG,1
MSO2013PIC63288164.JPG,0
BWP2016-9183156_H1lNZKiVfx.JPG,0
TOB2015PIC37898124.JPG,1
LDJ2011PIC51298250.JPG,2
LB2011PIC63021583.JPG,0
SVEND2012PIC31654028.JPG,0
LWL2011PIC65811842.JPG,0
FS2014PIC71150898.JPG,0
AS2011PIC66959968.JPG,0
RSS2017-9188090_SkhAPQyox.JPG,1
APE2017-9212349_HJNHt-nq-.JPG,0
AA2017-9192935_rJZl2_oxW.JPG,0
NVM2011PIC16323393.JPG,1
JVM2011PIC88543769.JPG,1
HM2011PIC83482374.JPG,0
DI2017-9219809_rkCeQS2ib.JPG,1
APE2017-9203754_SyKWYZXub.JPG,2
LB2011PIC88187912.JPG,1
TAN2017-9211429_ByJ_z-uq-.JPG,0
OMA2017-9224600_H1xp8F9O2Z.JPG,1
ML2010PIC68699376.JPG,0
NHE2016-9180398_SJLvbLygg.JPG,0
JAH2013PIC39776865.JPG,0
BWP2011PIC36860813.JPG,2
BWP2013PIC79257397.JPG,1
EAT2012PIC30470830.JPG,0
TL2017-9204529_S1KluWLOZ.JPG,0
UFN2017-9197247_S1yqUj0NW.JPG,0
OT2012PIC63184006.JPG,0
TOB2016-9171262_SJOVuICq.JPG,1
MMN2010PIC40435375.JPG,1
AEJ2011PIC66035245.JPG,1
ELAU2011PIC77865422.JPG,0
TS2011PIC67527134.JPG,1
ANB2016-9178566_rJx-GPGJx.JPG,1
BWP2017-9188820_ryACZIV2e.JPG,0
ELAU2013PIC15095329.JPG,1
TRL2016-9166920_B16LZA9L.JPG,0
APE2017-9198321_S1biRFHaH-.JPG,0
TS2010PIC48763161.JPG,0
KMA2016-9182877_Sk1nm4lMl.JPG,2
UFN2017-9197454_r17AY8bSW.JPG,1
MIH2013-9187791_BJeUrvYd5g.JPG,0
SKA2013PIC48871059.JPG,0
TAK2014PIC73063806.JPG,2
TS2010PIC50362904.JPG,0
BWP2010PIC79614166.JPG,1
LSA2009PIC77227597.JPG,0
JCS2011PIC62689903.JPG,0
HM2012PIC56551036.JPG,1
TRL2017-9224741_SyRj4xK3Z.JPG,1
KN2013PIC56836367.JPG,0
TAK2017-9217685_r1xGJ9wib.JPG,0
BL2015PIC63378500.JPG,1
SKA2016-9183360_H1MwMddfx.JPG,0
SVEND2012PIC39083818.JPG,0
CAG2016-9177400_H1WTff0QC.JPG,1
TAK2013PIC24137291.JPG,0
ANB2016-9181692_Bk3MuRKgg.JPG,1
BWP2012PIC84015150.JPG,1
TAK2013PIC61607606.JPG,0
TB2010PIC30875992.JPG,0
BLUD2017-9225293_B1fef17ch-.JPG,0
TRL2017-9199301_H1QlqBEIUW.JPG,0
MAKE2017-9223470_B1WHdpUB2-.JPG,2
HM2011PIC19834696.JPG,1
PL2017-9208236_SkxEXXKtZ.JPG,0
TAK2015PIC54415528.JPG,1
BL2011PIC25596110.JPG,0
KNK2015PIC33966505.JPG,0
BWP2013PIC33759281.JPG,1
MS2011PIC25243715.JPG,1
BEC2017-9227835_r1OpsvGpZ.JPG,1
HM2012PIC85377332.JPG,1
TB2011PIC67954231.JPG,1
BWP2016-9168660_SJC8vcGO.JPG,1
AS2016-9175653_r1hFNcrp.JPG,0
TAK2013PIC21733935.JPG,0
MS2009PIC62885518.JPG,1
PTP2017-9222830_Hyx2Z_P7hZ.JPG,0
MSO2013PIC71811862.JPG,1
BTO2017-9222863_HykBmd7hb.JPG,1
BEC2017-9196612_BkVmHqS4Z.JPG,2
TKH2013PIC62931439.JPG,1
FDE2011PIC81854360.JPG,0
TRL2017-9199301_rkglcBVL8b.JPG,0
ML2015PIC38688467.JPG,0
TLP2017-9218509_rycRmVYi-.JPG,0
EKV2017-9216835_r1gZWQcSib.JPG,1
MS2017-9211572_rJBlqPOqW.JPG,0
MMN2009PIC59135757.JPG,2
PTP2013PIC47748622.JPG,1
SKA2016PIC85109211.JPG,1
CSF2017-9209815_BkxXSUKf9-.JPG,1
JAH2009PIC29337979.JPG,0
JO2012PIC36532283.JPG,0
MAV2012PIC49628379.JPG,1
DP2016-9176951_H1E5gpk0.JPG,0
TKH2012PIC58539255.JPG,1
RRH2017-9222346_H1ZS7DbhZ.JPG,1
OSP2017-9221877_rJmS5Qlnb.JPG,0
SKA2014PIC17792674.JPG,0
ML2010PIC48614674.JPG,0
TKH2012PIC20954591.JPG,0
MSO2017-9205068_Bkl9wjXdO-.JPG,0
SL2015PIC10861090.JPG,1
SKA2017-9211447_B1VRmz_9-.JPG,0
PEL2011PIC31724470.JPG,1
GLJ2013PIC69005534.JPG,1
BWP2012PIC70146341.JPG,1
TKH2017-9219353_SysZyBTsb.JPG,0
MS2017-9214377_B1rjX4esb.JPG,1
TS2016-9173761_rJl1Fw6K2.JPG,1
BWP2012PIC74403645.JPG,0
MMN2009PIC74095668.JPG,1
TS2016-9175289_Bkl9ycrV6.JPG,1
TAK2013PIC43797866.JPG,1
TS2016-9165592_rkAvtbjQ.JPG,0
KIRSP2017-9227531_HJ8t46WT-.JPG,0
LB2012PIC72978622.JPG,2
TKH2013PIC50272163.JPG,0
FDE2013PIC34741943.JPG,1
JAH2014PIC11977194.JPG,1
SKA2017-9201250_rybaSYVP-.JPG,0
LWL2013PIC69185810.JPG,0
UGN2012PIC44946000.JPG,2
HM2009PIC65644876.JPG,0
JCS2013PIC10876506.JPG,1
TS2010PIC42829766.JPG,2
TRL2017-9191178_H1bO_8U0Re.JPG,1
FVL2011PIC37458632.JPG,0
TAK2013PIC20706634.JPG,2
SOT2017-9206409_BJf0KSOyYW.JPG,2
GLJ2013PIC61472177.JPG,0
TS2016-9168820_SypLtqh_.JPG,1
RE2012PIC76898338.JPG,1
LWL2009PIC89524127.JPG,0
TS2014PIC61823154.JPG,1
MS2017-9202166_ryGZaJYD-.JPG,0
BWP2012PIC86385849.JPG,1
DI2017-9208446_S1rsLk5Yb.JPG,1
MSO2016-9170698_SJxlrrENq.JPG,1
MSO2011PIC42235740.JPG,1
AE2015PIC47240697.JPG,1
FA2012PIC42832665.JPG,2
EAT2016-9174721_HyHrzTf6.JPG,1
TOB2016-9179549_SyhZ0QFke.JPG,0
PL2017-9208236_rkee4X7tFZ.JPG,2
BWP2011PIC76058632.JPG,1
OBL2012PIC68120671.JPG,1
BEC2017-9197721_ryTbirSBW.JPG,1
UFN2017-9189988_HJwDuJn6e.JPG,0
APE2017-9202340_S1YSgfcvW.JPG,2
TB2012PIC27789177.JPG,0
ML2012PIC80839159.JPG,0
JAH2017-9217965_BJDLMH_iZ.JPG,0
OBL2013PIC78320986.JPG,0
FS2012PIC83948723.JPG,1
TAK2013PIC33286318.JPG,0
TSJ2012PIC59000460.JPG,0
TKH2012PIC43295934.JPG,1
ATP2015PIC12726475.JPG,1
BWP2016-9183147_S1tN4oVGe.JPG,0
BWP2012PIC71315594.JPG,0
BWP2009PIC72049864.JPG,2
TAK2017-9216914_Hk91ME8jZ.JPG,1
TAK2013PIC44465480.JPG,1
GSC2011PIC69272325.JPG,2
JAJ2017-9217253_BJI8Ja8jb.JPG,2
MAV2011PIC25635710.JPG,0
TKH2017-9208315_r1orJhtKZ.JPG,0
TOB2016PIC58537570.JPG,0
TAK2013PIC58420892.JPG,0
OBL2012PIC87445362.JPG,1
JAH2017-9185143_rke4BHKUrl.JPG,2
GLJ2011PIC43142154.JPG,1
MAKE2017-9223385_HyGJx3BS2Z.JPG,1
BWP2015PIC58510429.JPG,1
TKH2014PIC26031024.JPG,0
FVL2017-9208059_B1VUukdYb.JPG,1
TKH2013PIC52348098.JPG,0
JM2017-9208696_Sk0SpQ3K-.JPG,1
TKH2012PIC45244307.JPG,1
MAV2010PIC12906797.JPG,2
OBL2016-9166686_rJmGarI8.JPG,0
MACH2017-9213724_r1dcwpA5Z.JPG,0
RRH2015PIC80848318.JPG,0
FVL2016-9179462_BJVUm0_Je.JPG,1
AS2010PIC43409316.JPG,1
TKH2012PIC89341181.JPG,0
BWP2012PIC19267209.JPG,0
TKH2014PIC18602174.JPG,1
KRHA2017-9216798_Hyb6A3uHo-.JPG,0
APE2017-9192467_HJ0MY9rx-.JPG,1
TS2015PIC12513900.JPG,0
BWP2010PIC58879513.JPG,1
HAHO2017-9212567_Hke9xbL29W.JPG,1
TAK2017-9227570_ryeZqyzp-.JPG,1
TS2014PIC48022744.JPG,1
PL2012PIC31114064.JPG,1
AS2017-9202635_H1TeC1hPZ.JPG,2
TOB2016-9177959_HkV50_90.JPG,2
PEL2010PIC21889768.JPG,1
ML2011PIC51267454.JPG,0
OMA2017-9213404_rklyoQHC5Z.JPG,1
HD2017-9215427_rybjnzYMi-.JPG,1
HM2012PIC46389804.JPG,0
TKH2013PIC60569560.JPG,0
TAK2014PIC81006336.JPG,0
APE2017-9192281_HybzlF6xlZ.JPG,0
MAV2010PIC21250982.JPG,1
FDE2011PIC62068171.JPG,2
DI2017-9205536_rJqRkUo_W.JPG,1
LB2013PIC83224528.JPG,0
TKH2011PIC48682743.JPG,2
TAK2013PIC67970784.JPG,2
APE2017-9196941_BybQVwtEW.JPG,1
TS2012PIC23500931.JPG,1
TOB2016-9170864_rywbjUD5.JPG,2
MAKE2017-9207631_Bkp94KSYb.JPG,0
AS2012PIC68519285.JPG,0
JAH2011PIC29810594.JPG,0
SL2011PIC45216390.JPG,1
HAHO2017-9218617_B1-acmdFoZ.JPG,1
